{
"type": "FeatureCollection",
"name": "projects",
"crs": { "type": "name", "properties": { "name": "urn:ogc:def:crs:OGC:1.3:CRS84" } },
"features": [
{ "type": "Feature", "properties": { "project_id": "1", "name": "20 de septiembre", "latitude": -24.896, "longitude": -68.136, "commodity": "Hierro", "source_province": "Salta", "stage": "Exploración inicial", "controller_1": "Diego Ruben Omar", "share_1": null, "origin_1": null, "controller_2": null, "share_2": null, "origin_2": null, "controller_3": null, "share_3": null, "origin_3": null, "spatial_province": "Salta", "province_code": "66", "province_match": true }, "geometry": { "type": "Point", "coordinates": [ -68.136, -24.896 ] } },
{ "type": "Feature", "properties": { "project_id": "2", "name": "Acazoque", "latitude": -24.291, "longitude": -66.378, "commodity": "Plomo", "source_province": "Salta", "stage": "Exploración inicial", "controller_1": "Nuñez Ramon", "share_1": null, "origin_1": null, "controller_2": null, "share_2": null, "origin_2": null, "controller_3": null, "share_3": null, "origin_3": null, "spatial_province": "Salta", "province_code": "66", "province_match": true }, "geometry": { "type": "Point", "coordinates": [ -66.378, -24.291 ] } },
{ "type": "Feature", "properties": { "project_id": "3", "name": "Acoite/Hornillos", "latitude": -22.305, "longitude": -65.107, "commodity": "Plomo", "source_province": "Salta", "stage": "Exploración inicial", "controller_1": "Rubiolo Daniel Gerardo", "share_1": null, "origin_1": null, "controller_2": null, "share_2": null, "origin_2": null, "controller_3": null, "share_3": null, "origin_3": null, "spatial_province": "Salta", "province_code": "66", "province_match": true }, "geometry": { "type": "Point", "coordinates": [ -65.107, -22.305 ] } },
{ "type": "Feature", "properties": { "project_id": "4", "name": "Adamo", "latitude": -41.162, "longitude": -68.505, "commodity": "Oro", "source_province": "Río Negro", "stage": "Prospección", "controller_1": "Valcheta Exploraciones", "share_1": "1", "origin_1": "Argentina", "controller_2": null, "share_2": null, "origin_2": null, "controller_3": null, "share_3": null, "origin_3": null, "spatial_province": "Río Negro", "province_code": "62", "province_match": true }, "geometry": { "type": "Point", "coordinates": [ -68.505, -41.162 ] } },
{ "type": "Feature", "properties": { "project_id": "5", "name": "Aguas Amargas", "latitude": -24.685, "longitude": -66.903, "commodity": "Cobre", "source_province": "Salta", "stage": "Exploración inicial", "controller_1": "Lithium S Corp. S.A", "share_1": null, "origin_1": null, "controller_2": null, "share_2": null, "origin_2": null, "controller_3": null, "share_3": null, "origin_3": null, "spatial_province": "Salta", "province_code": "66", "province_match": true }, "geometry": { "type": "Point", "coordinates": [ -66.903, -24.685 ] } },
{ "type": "Feature", "properties": { "project_id": "6", "name": "Aguilar", "latitude": -23.20575, "longitude": -65.71747, "commodity": "Plomo", "source_province": "Jujuy", "stage": "Producción", "controller_1": "Grupo Integra", "share_1": "1", "origin_1": "Argentina", "controller_2": null, "share_2": null, "origin_2": null, "controller_3": null, "share_3": null, "origin_3": null, "spatial_province": "Jujuy", "province_code": "38", "province_match": true }, "geometry": { "type": "Point", "coordinates": [ -65.71747, -23.20575 ] } },
{ "type": "Feature", "properties": { "project_id": "7", "name": "Ajedrez", "latitude": -22.57, "longitude": -66.35, "commodity": "Oro", "source_province": "Jujuy", "stage": "Producción", "controller_1": "Espíritu de los Andes S.A.", "share_1": "1", "origin_1": "Argentina", "controller_2": null, "share_2": null, "origin_2": null, "controller_3": null, "share_3": null, "origin_3": null, "spatial_province": "Jujuy", "province_code": "38", "province_match": true }, "geometry": { "type": "Point", "coordinates": [ -66.35, -22.57 ] } },
{ "type": "Feature", "properties": { "project_id": "8", "name": "Alba X", "latitude": -24.75354964, "longitude": -67.53737, "commodity": "Litio", "source_province": "Salta", "stage": "Exploración avanzada", "controller_1": null, "share_1": null, "origin_1": null, "controller_2": null, "share_2": null, "origin_2": null, "controller_3": null, "share_3": null, "origin_3": null, "spatial_province": "Salta", "province_code": "66", "province_match": true }, "geometry": { "type": "Point", "coordinates": [ -67.53737, -24.75354964 ] } },
{ "type": "Feature", "properties": { "project_id": "9", "name": "Alcalina", "latitude": -25.24652872, "longitude": -67.45351901, "commodity": "Litio", "source_province": "Salta", "stage": "Exploración avanzada", "controller_1": null, "share_1": null, "origin_1": null, "controller_2": null, "share_2": null, "origin_2": null, "controller_3": null, "share_3": null, "origin_3": null, "spatial_province": "Catamarca", "province_code": "10", "province_match": false }, "geometry": { "type": "Point", "coordinates": [ -67.45351901, -25.24652872 ] } },
{ "type": "Feature", "properties": { "project_id": "10", "name": "Alejandra", "latitude": -22.408, "longitude": -64.936, "commodity": "Plomo", "source_province": "Salta", "stage": "Prospección", "controller_1": "Carrazan Susana del Carmen", "share_1": null, "origin_1": null, "controller_2": null, "share_2": null, "origin_2": null, "controller_3": null, "share_3": null, "origin_3": null, "spatial_province": "Salta", "province_code": "66", "province_match": true }, "geometry": { "type": "Point", "coordinates": [ -64.936, -22.408 ] } },
{ "type": "Feature", "properties": { "project_id": "11", "name": "Alfil", "latitude": -41.244, "longitude": -65.597, "commodity": "Plomo", "source_province": "Río Negro", "stage": "Prospección", "controller_1": null, "share_1": null, "origin_1": null, "controller_2": null, "share_2": null, "origin_2": null, "controller_3": null, "share_3": null, "origin_3": null, "spatial_province": "Río Negro", "province_code": "62", "province_match": true }, "geometry": { "type": "Point", "coordinates": [ -65.597, -41.244 ] } },
{ "type": "Feature", "properties": { "project_id": "12", "name": "Altar", "latitude": -31.4813, "longitude": -70.48096, "commodity": "Cobre", "source_province": "San Juan", "stage": "Evaluación Económica Preliminar", "controller_1": "Aldebaran Resources Inc.", "share_1": "0.8", "origin_1": "Canadá", "controller_2": "Sibanye Stillwater", "share_2": "0.2", "origin_2": "Sudáfrica", "controller_3": null, "share_3": null, "origin_3": null, "spatial_province": "San Juan", "province_code": "70", "province_match": true }, "geometry": { "type": "Point", "coordinates": [ -70.48096, -31.4813 ] } },
{ "type": "Feature", "properties": { "project_id": "13", "name": "Altos Del Cura", "latitude": -29.91748503, "longitude": -69.5601937, "commodity": "Oro", "source_province": "San Juan", "stage": "Exploración inicial", "controller_1": null, "share_1": null, "origin_1": null, "controller_2": "-", "share_2": "-", "origin_2": "-", "controller_3": "-", "share_3": "-", "origin_3": "-", "spatial_province": "San Juan", "province_code": "70", "province_match": true }, "geometry": { "type": "Point", "coordinates": [ -69.5601937, -29.91748503 ] } },
{ "type": "Feature", "properties": { "project_id": "14", "name": "Altos Sapitos", "latitude": -28.76697, "longitude": -69.11516, "commodity": "Litio", "source_province": "La Rioja", "stage": "Prospección", "controller_1": "Litios del Oeste S.A.", "share_1": "1", "origin_1": "Argentina", "controller_2": null, "share_2": null, "origin_2": null, "controller_3": null, "share_3": null, "origin_3": null, "spatial_province": "La Rioja", "province_code": "46", "province_match": true }, "geometry": { "type": "Point", "coordinates": [ -69.11516, -28.76697 ] } },
{ "type": "Feature", "properties": { "project_id": "15", "name": "Amarillo Grande (Anit, Sta. Bárbara)", "latitude": -39.61437, "longitude": -67.22486, "commodity": "Uranio", "source_province": "Río Negro", "stage": "Exploración avanzada", "controller_1": "Blue Sky Uranium Corp.", "share_1": "1", "origin_1": "Canadá", "controller_2": "-", "share_2": "-", "origin_2": "-", "controller_3": "-", "share_3": "-", "origin_3": "-", "spatial_province": "Río Negro", "province_code": "62", "province_match": true }, "geometry": { "type": "Point", "coordinates": [ -67.22486, -39.61437 ] } },
{ "type": "Feature", "properties": { "project_id": "16", "name": "Ana Maria", "latitude": -24.103, "longitude": -66.088, "commodity": "Manganeso", "source_province": "Salta", "stage": "Prospección", "controller_1": "Arquero Gaston Luis - Cardozo Luis Eduardo", "share_1": null, "origin_1": null, "controller_2": null, "share_2": null, "origin_2": null, "controller_3": null, "share_3": null, "origin_3": null, "spatial_province": "Salta", "province_code": "66", "province_match": true }, "geometry": { "type": "Point", "coordinates": [ -66.088, -24.103 ] } },
{ "type": "Feature", "properties": { "project_id": "17", "name": "Antofalla Norte", "latitude": -25.62753, "longitude": -67.83714, "commodity": "Litio", "source_province": "Catamarca", "stage": "Exploración inicial", "controller_1": "Lithium Energi Exploration Inc", "share_1": "1", "origin_1": "Canadá", "controller_2": "-", "share_2": "-", "origin_2": "-", "controller_3": "-", "share_3": "-", "origin_3": "-", "spatial_province": "Catamarca", "province_code": "10", "province_match": true }, "geometry": { "type": "Point", "coordinates": [ -67.83714, -25.62753 ] } },
{ "type": "Feature", "properties": { "project_id": "18", "name": "Aries", "latitude": -24.354, "longitude": -66.966, "commodity": "Manganeso", "source_province": "Salta", "stage": "Exploración inicial", "controller_1": "Hantara S.A.", "share_1": null, "origin_1": null, "controller_2": null, "share_2": null, "origin_2": null, "controller_3": null, "share_3": null, "origin_3": null, "spatial_province": "Salta", "province_code": "66", "province_match": true }, "geometry": { "type": "Point", "coordinates": [ -66.966, -24.354 ] } },
{ "type": "Feature", "properties": { "project_id": "19", "name": "Arizaro", "latitude": -24.77014, "longitude": -67.70972, "commodity": "Litio", "source_province": "Salta", "stage": "Prefactibilidad", "controller_1": "Lithium Chile Inc.", "share_1": "0.8", "origin_1": "Canadá", "controller_2": "SMG S.R.L.", "share_2": "0.2", "origin_2": "Argentina", "controller_3": "-", "share_3": "-", "origin_3": "-", "spatial_province": "Salta", "province_code": "66", "province_match": true }, "geometry": { "type": "Point", "coordinates": [ -67.70972, -24.77014 ] } },
{ "type": "Feature", "properties": { "project_id": "20", "name": "Arizaro", "latitude": -24.846, "longitude": -67.947, "commodity": "Litio", "source_province": "Salta", "stage": "Exploración avanzada", "controller_1": "Xizang Zhufeng Resources Co.", "share_1": "1", "origin_1": "China", "controller_2": null, "share_2": null, "origin_2": null, "controller_3": null, "share_3": null, "origin_3": null, "spatial_province": "Salta", "province_code": "66", "province_match": true }, "geometry": { "type": "Point", "coordinates": [ -67.947, -24.846 ] } },
{ "type": "Feature", "properties": { "project_id": "21", "name": "Arizaro Norte", "latitude": -24.39499496, "longitude": -67.35828148, "commodity": "Litio", "source_province": "Salta", "stage": "Exploración avanzada", "controller_1": "Noa Lithium Brines Inc.", "share_1": "1", "origin_1": "Canadá", "controller_2": null, "share_2": null, "origin_2": null, "controller_3": null, "share_3": null, "origin_3": null, "spatial_province": "Salta", "province_code": "66", "province_match": true }, "geometry": { "type": "Point", "coordinates": [ -67.35828148, -24.39499496 ] } },
{ "type": "Feature", "properties": { "project_id": "22", "name": "Arizaro Sur", "latitude": -24.88645, "longitude": -67.77402, "commodity": "Litio", "source_province": "Salta", "stage": "Exploración avanzada", "controller_1": "Pluspetrol Resources Corp.", "share_1": "1", "origin_1": "Paises Bajos", "controller_2": null, "share_2": null, "origin_2": null, "controller_3": null, "share_3": null, "origin_3": null, "spatial_province": "Salta", "province_code": "66", "province_match": true }, "geometry": { "type": "Point", "coordinates": [ -67.77402, -24.88645 ] } },
{ "type": "Feature", "properties": { "project_id": "23", "name": "Arroyo Perdido", "latitude": -43.4094444, "longitude": -68.530555555555495, "commodity": "Uranio", "source_province": "Chubut", "stage": "Exploración inicial", "controller_1": "CNEA", "share_1": "1", "origin_1": "Argentina", "controller_2": null, "share_2": null, "origin_2": null, "controller_3": null, "share_3": null, "origin_3": null, "spatial_province": "Chubut", "province_code": "26", "province_match": true }, "geometry": { "type": "Point", "coordinates": [ -68.530555555555495, -43.4094444 ] } },
{ "type": "Feature", "properties": { "project_id": "24", "name": "Bajo de la Alumbrera", "latitude": -27.19, "longitude": -66.36, "commodity": "Cobre", "source_province": "Catamarca", "stage": "Reingeniería", "controller_1": "Glencore Plc.", "share_1": "1", "origin_1": "Suiza", "controller_2": null, "share_2": null, "origin_2": null, "controller_3": null, "share_3": null, "origin_3": null, "spatial_province": "Catamarca", "province_code": "10", "province_match": true }, "geometry": { "type": "Point", "coordinates": [ -66.36, -27.19 ] } },
{ "type": "Feature", "properties": { "project_id": "25", "name": "Barro Negro", "latitude": -24.473, "longitude": -66.211, "commodity": "Cobre", "source_province": "Salta", "stage": "Exploración avanzada", "controller_1": "Cosmos Minerals S.A.", "share_1": null, "origin_1": null, "controller_2": null, "share_2": null, "origin_2": null, "controller_3": null, "share_3": null, "origin_3": null, "spatial_province": "Salta", "province_code": "66", "province_match": true }, "geometry": { "type": "Point", "coordinates": [ -66.211, -24.473 ] } },
{ "type": "Feature", "properties": { "project_id": "26", "name": "Benjamin", "latitude": -28.972411, "longitude": -67.986733, "commodity": "Cobre", "source_province": "La Rioja", "stage": "Prospección", "controller_1": "EMSE", "share_1": "1", "origin_1": "Argentina", "controller_2": null, "share_2": null, "origin_2": null, "controller_3": null, "share_3": null, "origin_3": null, "spatial_province": "La Rioja", "province_code": "46", "province_match": true }, "geometry": { "type": "Point", "coordinates": [ -67.986733, -28.972411 ] } },
{ "type": "Feature", "properties": { "project_id": "27", "name": "Bordo de la Cueva", "latitude": -24.433, "longitude": -66.133, "commodity": "Manganeso", "source_province": "Salta", "stage": "Exploración avanzada", "controller_1": "Minera Anglo American Argentina S.A.", "share_1": null, "origin_1": null, "controller_2": null, "share_2": null, "origin_2": null, "controller_3": null, "share_3": null, "origin_3": null, "spatial_province": "Salta", "province_code": "66", "province_match": true }, "geometry": { "type": "Point", "coordinates": [ -66.133, -24.433 ] } },
{ "type": "Feature", "properties": { "project_id": "28", "name": "Brealito", "latitude": -25.3, "longitude": -66.343, "commodity": "Cobre", "source_province": "Salta", "stage": "Exploración avanzada", "controller_1": "Cosmos Minerals S.A.", "share_1": null, "origin_1": null, "controller_2": null, "share_2": null, "origin_2": null, "controller_3": null, "share_3": null, "origin_3": null, "spatial_province": "Salta", "province_code": "66", "province_match": true }, "geometry": { "type": "Point", "coordinates": [ -66.343, -25.3 ] } },
{ "type": "Feature", "properties": { "project_id": "29", "name": "Buen Augurio", "latitude": -28.348805, "longitude": -69.477377, "commodity": "Cobre", "source_province": "La Rioja", "stage": "Prospección", "controller_1": "Aguilar Polimetalica", "share_1": "1", "origin_1": "Argentina", "controller_2": null, "share_2": null, "origin_2": null, "controller_3": null, "share_3": null, "origin_3": null, "spatial_province": "La Rioja", "province_code": "46", "province_match": true }, "geometry": { "type": "Point", "coordinates": [ -69.477377, -28.348805 ] } },
{ "type": "Feature", "properties": { "project_id": "30", "name": "Buen Augurio 2", "latitude": -28.4139194, "longitude": -68.98078, "commodity": "Litio", "source_province": "La Rioja", "stage": "Prospección", "controller_1": "Aguilar S.A.", "share_1": "1", "origin_1": "Argentina", "controller_2": null, "share_2": null, "origin_2": null, "controller_3": null, "share_3": null, "origin_3": null, "spatial_province": "La Rioja", "province_code": "46", "province_match": true }, "geometry": { "type": "Point", "coordinates": [ -68.98078, -28.4139194 ] } },
{ "type": "Feature", "properties": { "project_id": "31", "name": "Buitrera", "latitude": -41.04444444, "longitude": -69.31972222, "commodity": "Plata", "source_province": "Río Negro", "stage": "Prospección", "controller_1": null, "share_1": null, "origin_1": null, "controller_2": null, "share_2": null, "origin_2": null, "controller_3": null, "share_3": null, "origin_3": null, "spatial_province": "Río Negro", "province_code": "62", "province_match": true }, "geometry": { "type": "Point", "coordinates": [ -69.31972222, -41.04444444 ] } },
{ "type": "Feature", "properties": { "project_id": "32", "name": "Caballos", "latitude": -28.224094, "longitude": -69.324542, "commodity": "Cobre", "source_province": "La Rioja", "stage": "Exploración inicial", "controller_1": "Hanaq Group", "share_1": "1", "origin_1": "China", "controller_2": null, "share_2": null, "origin_2": null, "controller_3": null, "share_3": null, "origin_3": null, "spatial_province": "La Rioja", "province_code": "46", "province_match": true }, "geometry": { "type": "Point", "coordinates": [ -69.324542, -28.224094 ] } },
{ "type": "Feature", "properties": { "project_id": "33", "name": "Cachi", "latitude": -47.93833, "longitude": -69.92332, "commodity": "Oro", "source_province": "Santa Cruz", "stage": "Exploración inicial", "controller_1": "Tres Cerros Exploraciones SRL", "share_1": "0.65", "origin_1": "Argentina", "controller_2": "NewPeak Metals Limited", "share_2": "0.35", "origin_2": "Australia", "controller_3": null, "share_3": null, "origin_3": null, "spatial_province": "Santa Cruz", "province_code": "78", "province_match": true }, "geometry": { "type": "Point", "coordinates": [ -69.92332, -47.93833 ] } },
{ "type": "Feature", "properties": { "project_id": "34", "name": "Calcatreu", "latitude": -41.88306, "longitude": -69.53333, "commodity": "Oro", "source_province": "Río Negro", "stage": "Producción", "controller_1": "Patagonia Gold", "share_1": "1", "origin_1": "Canadá", "controller_2": "-", "share_2": "-", "origin_2": "-", "controller_3": "-", "share_3": "-", "origin_3": "-", "spatial_province": "Río Negro", "province_code": "62", "province_match": true }, "geometry": { "type": "Point", "coordinates": [ -69.53333, -41.88306 ] } },
{ "type": "Feature", "properties": { "project_id": "35", "name": "Calderón-Calderoncito", "latitude": -31.22801, "longitude": -70.29946, "commodity": "Oro", "source_province": "San Juan", "stage": "Exploración inicial", "controller_1": "Fortescue  Ltd.", "share_1": "1", "origin_1": "Australia", "controller_2": null, "share_2": null, "origin_2": null, "controller_3": null, "share_3": null, "origin_3": null, "spatial_province": "San Juan", "province_code": "70", "province_match": true }, "geometry": { "type": "Point", "coordinates": [ -70.29946, -31.22801 ] } },
{ "type": "Feature", "properties": { "project_id": "36", "name": "California", "latitude": -24.268, "longitude": -66.493, "commodity": "Plomo", "source_province": "Salta", "stage": "Exploración inicial", "controller_1": "German Santiago", "share_1": null, "origin_1": null, "controller_2": null, "share_2": null, "origin_2": null, "controller_3": null, "share_3": null, "origin_3": null, "spatial_province": "Salta", "province_code": "66", "province_match": true }, "geometry": { "type": "Point", "coordinates": [ -66.493, -24.268 ] } },
{ "type": "Feature", "properties": { "project_id": "37", "name": "Caltrauna", "latitude": -41.09935177, "longitude": -68.13699886000001, "commodity": "Plata", "source_province": "Río Negro", "stage": "Exploración inicial", "controller_1": "Rio de Oro Exploraciones", "share_1": "1", "origin_1": "Argentina", "controller_2": null, "share_2": null, "origin_2": null, "controller_3": null, "share_3": null, "origin_3": null, "spatial_province": "Río Negro", "province_code": "62", "province_match": true }, "geometry": { "type": "Point", "coordinates": [ -68.13699886, -41.09935177 ] } },
{ "type": "Feature", "properties": { "project_id": "38", "name": "Campamento", "latitude": -22.319, "longitude": -65.046, "commodity": "Hierro", "source_province": "Salta", "stage": "Exploración inicial", "controller_1": "Servicios Y Proyectos Mineros S.R.L.", "share_1": "1", "origin_1": "Argentina", "controller_2": null, "share_2": null, "origin_2": null, "controller_3": null, "share_3": null, "origin_3": null, "spatial_province": "Salta", "province_code": "66", "province_match": true }, "geometry": { "type": "Point", "coordinates": [ -65.046, -22.319 ] } },
{ "type": "Feature", "properties": { "project_id": "39", "name": "Candela II", "latitude": -24.3149583, "longitude": -67.587055555555494, "commodity": "Litio", "source_province": "Salta", "stage": "Exploración inicial", "controller_1": "Armory Mining Corp.", "share_1": "1", "origin_1": "Canadá", "controller_2": null, "share_2": null, "origin_2": null, "controller_3": null, "share_3": null, "origin_3": null, "spatial_province": "Salta", "province_code": "66", "province_match": true }, "geometry": { "type": "Point", "coordinates": [ -67.587055555555494, -24.3149583 ] } },
{ "type": "Feature", "properties": { "project_id": "40", "name": "Candelas", "latitude": -25.47594, "longitude": -67.14368, "commodity": "Litio", "source_province": "Catamarca", "stage": "Evaluación Económica Preliminar", "controller_1": "Galan Lithium Limited", "share_1": "1", "origin_1": "Australia", "controller_2": "-", "share_2": "-", "origin_2": "-", "controller_3": "-", "share_3": "-", "origin_3": "-", "spatial_province": "Catamarca", "province_code": "10", "province_match": true }, "geometry": { "type": "Point", "coordinates": [ -67.14368, -25.47594 ] } },
{ "type": "Feature", "properties": { "project_id": "41", "name": "Cangrejillos", "latitude": -23.70593969, "longitude": -66.14165029, "commodity": "Litio", "source_province": "Salta", "stage": "Exploración avanzada", "controller_1": "Lithium S. Corporation", "share_1": "1", "origin_1": "Canadá", "controller_2": null, "share_2": null, "origin_2": null, "controller_3": null, "share_3": null, "origin_3": null, "spatial_province": "Salta", "province_code": "66", "province_match": true }, "geometry": { "type": "Point", "coordinates": [ -66.14165029, -23.70593969 ] } },
{ "type": "Feature", "properties": { "project_id": "42", "name": "Cañadon Del Moro", "latitude": -40.83333, "longitude": -69.65, "commodity": "Plata", "source_province": "Río Negro", "stage": "Exploración avanzada", "controller_1": "Southern Copper Corp.", "share_1": "1", "origin_1": "Estados Unidos", "controller_2": null, "share_2": null, "origin_2": null, "controller_3": null, "share_3": null, "origin_3": null, "spatial_province": "Río Negro", "province_code": "62", "province_match": true }, "geometry": { "type": "Point", "coordinates": [ -69.65, -40.83333 ] } },
{ "type": "Feature", "properties": { "project_id": "43", "name": "Cap-Oeste", "latitude": -47.94467, "longitude": -70.45145, "commodity": "Oro", "source_province": "Santa Cruz", "stage": "Producción", "controller_1": "Patagonia Gold", "share_1": "0.95", "origin_1": "Canadá", "controller_2": "Fomicruz", "share_2": "0.05", "origin_2": "-", "controller_3": "-", "share_3": "-", "origin_3": "-", "spatial_province": "Santa Cruz", "province_code": "78", "province_match": true }, "geometry": { "type": "Point", "coordinates": [ -70.45145, -47.94467 ] } },
{ "type": "Feature", "properties": { "project_id": "44", "name": "Casposo", "latitude": -31.21083, "longitude": -69.62918, "commodity": "Oro", "source_province": "San Juan", "stage": "Producción", "controller_1": "Austral Gold Limited", "share_1": "1", "origin_1": "Australia", "controller_2": "-", "share_2": "-", "origin_2": "-", "controller_3": "-", "share_3": null, "origin_3": null, "spatial_province": "San Juan", "province_code": "70", "province_match": true }, "geometry": { "type": "Point", "coordinates": [ -69.62918, -31.21083 ] } },
{ "type": "Feature", "properties": { "project_id": "45", "name": "Castor Polux", "latitude": -24.362, "longitude": -66.828, "commodity": "Manganeso", "source_province": "Salta", "stage": "Exploración inicial", "controller_1": null, "share_1": null, "origin_1": null, "controller_2": null, "share_2": null, "origin_2": null, "controller_3": null, "share_3": null, "origin_3": null, "spatial_province": "Salta", "province_code": "66", "province_match": true }, "geometry": { "type": "Point", "coordinates": [ -66.828, -24.362 ] } },
{ "type": "Feature", "properties": { "project_id": "46", "name": "Casualidad III", "latitude": -26.016, "longitude": -66.183, "commodity": "Cobre", "source_province": "Salta", "stage": "Exploración inicial", "controller_1": "Aguiar Ernesto Matin", "share_1": null, "origin_1": null, "controller_2": null, "share_2": null, "origin_2": null, "controller_3": null, "share_3": null, "origin_3": null, "spatial_province": "Salta", "province_code": "66", "province_match": true }, "geometry": { "type": "Point", "coordinates": [ -66.183, -26.016 ] } },
{ "type": "Feature", "properties": { "project_id": "47", "name": "Cateos", "latitude": -40.457365, "longitude": -70.188942, "commodity": "Litio", "source_province": "Neuquén", "stage": "Prospección", "controller_1": null, "share_1": null, "origin_1": null, "controller_2": null, "share_2": null, "origin_2": null, "controller_3": null, "share_3": null, "origin_3": null, "spatial_province": "Neuquén", "province_code": "58", "province_match": true }, "geometry": { "type": "Point", "coordinates": [ -70.188942, -40.457365 ] } },
{ "type": "Feature", "properties": { "project_id": "48", "name": "Cateos", "latitude": -38.257306, "longitude": -69.32361, "commodity": "Uranio", "source_province": "Neuquén", "stage": "Prospección", "controller_1": null, "share_1": null, "origin_1": null, "controller_2": null, "share_2": null, "origin_2": null, "controller_3": null, "share_3": null, "origin_3": null, "spatial_province": "Neuquén", "province_code": "58", "province_match": true }, "geometry": { "type": "Point", "coordinates": [ -69.32361, -38.257306 ] } },
{ "type": "Feature", "properties": { "project_id": "49", "name": "Catriel (Mari)", "latitude": -37.7936111, "longitude": -67.963333333333296, "commodity": "Uranio", "source_province": "Río Negro", "stage": "Exploración inicial", "controller_1": "CNEA", "share_1": "1", "origin_1": "Argentina", "controller_2": null, "share_2": null, "origin_2": null, "controller_3": null, "share_3": null, "origin_3": null, "spatial_province": "Río Negro", "province_code": "62", "province_match": true }, "geometry": { "type": "Point", "coordinates": [ -67.963333333333296, -37.7936111 ] } },
{ "type": "Feature", "properties": { "project_id": "50", "name": "Cauchari", "latitude": -23.72524, "longitude": -66.81108, "commodity": "Litio", "source_province": "Jujuy", "stage": "Prefactibilidad", "controller_1": "Austroid Corp.", "share_1": "1", "origin_1": "Estados Unidos", "controller_2": "-", "share_2": "-", "origin_2": "-", "controller_3": "-", "share_3": "-", "origin_3": "-", "spatial_province": "Jujuy", "province_code": "38", "province_match": true }, "geometry": { "type": "Point", "coordinates": [ -66.81108, -23.72524 ] } },
{ "type": "Feature", "properties": { "project_id": "51", "name": "Cauchari Jv", "latitude": -23.75738, "longitude": -66.79067, "commodity": "Litio", "source_province": "Jujuy", "stage": "Prefactibilidad", "controller_1": "Rio Tinto Group", "share_1": "1", "origin_1": "Reino Unido", "controller_2": null, "share_2": null, "origin_2": null, "controller_3": null, "share_3": null, "origin_3": null, "spatial_province": "Jujuy", "province_code": "38", "province_match": true }, "geometry": { "type": "Point", "coordinates": [ -66.79067, -23.75738 ] } },
{ "type": "Feature", "properties": { "project_id": "52", "name": "Cauchari-Olaroz", "latitude": -23.41623, "longitude": -66.71316, "commodity": "Litio", "source_province": "Jujuy", "stage": "Producción", "controller_1": "Ganfeng Lithium Co. Ltd.", "share_1": "0.467", "origin_1": "China", "controller_2": "Lithium Argentina", "share_2": "0.448", "origin_2": "Suiza", "controller_3": "Jujuy Energia y Mineria", "share_3": "0.085", "origin_3": "Argentina", "spatial_province": "Jujuy", "province_code": "38", "province_match": true }, "geometry": { "type": "Point", "coordinates": [ -66.71316, -23.41623 ] } },
{ "type": "Feature", "properties": { "project_id": "53", "name": "Cazadero Grande", "latitude": -27.4436, "longitude": -68.129047, "commodity": "Litio", "source_province": "Catamarca", "stage": "Exploración inicial", "controller_1": "CAMYEN SE", "share_1": "1", "origin_1": "Argentina", "controller_2": null, "share_2": null, "origin_2": null, "controller_3": null, "share_3": null, "origin_3": null, "spatial_province": "Catamarca", "province_code": "10", "province_match": true }, "geometry": { "type": "Point", "coordinates": [ -68.129047, -27.4436 ] } },
{ "type": "Feature", "properties": { "project_id": "54", "name": "Centenario", "latitude": -24.68115349, "longitude": -66.61912636, "commodity": "Litio", "source_province": "Salta", "stage": "Exploración avanzada", "controller_1": "Lithium Power International Ltd.", "share_1": "1", "origin_1": "Australia", "controller_2": null, "share_2": null, "origin_2": null, "controller_3": null, "share_3": null, "origin_3": null, "spatial_province": "Salta", "province_code": "66", "province_match": true }, "geometry": { "type": "Point", "coordinates": [ -66.61912636, -24.68115349 ] } },
{ "type": "Feature", "properties": { "project_id": "55", "name": "Centenario", "latitude": -24.845, "longitude": -66.8, "commodity": "Oro", "source_province": "Salta", "stage": "Exploración inicial", "controller_1": "Chengxin Lithium Group. Co.", "share_1": "1", "origin_1": "China", "controller_2": null, "share_2": null, "origin_2": null, "controller_3": null, "share_3": null, "origin_3": null, "spatial_province": "Salta", "province_code": "66", "province_match": true }, "geometry": { "type": "Point", "coordinates": [ -66.8, -24.845 ] } },
{ "type": "Feature", "properties": { "project_id": "56", "name": "Centenario-Ratones", "latitude": -25.09077, "longitude": -66.81628, "commodity": "Litio", "source_province": "Salta", "stage": "Producción", "controller_1": "Eramet", "share_1": "1", "origin_1": "Francia", "controller_2": null, "share_2": null, "origin_2": null, "controller_3": "-", "share_3": "-", "origin_3": "-", "spatial_province": "Salta", "province_code": "66", "province_match": true }, "geometry": { "type": "Point", "coordinates": [ -66.81628, -25.09077 ] } },
{ "type": "Feature", "properties": { "project_id": "57", "name": "Cerro Amarillo", "latitude": -35.27361, "longitude": -70.15611, "commodity": "Cobre", "source_province": "Mendoza", "stage": "Exploración inicial", "controller_1": "Wincul S.A.", "share_1": "1", "origin_1": "Argentina", "controller_2": null, "share_2": null, "origin_2": null, "controller_3": null, "share_3": null, "origin_3": null, "spatial_province": "Mendoza", "province_code": "50", "province_match": true }, "geometry": { "type": "Point", "coordinates": [ -70.15611, -35.27361 ] } },
{ "type": "Feature", "properties": { "project_id": "58", "name": "Cerro Atajo", "latitude": -27.332918, "longitude": -66.456819, "commodity": "Cobre", "source_province": "Catamarca", "stage": "Exploración avanzada", "controller_1": "CAMYEN SE", "share_1": "1", "origin_1": "Argentina", "controller_2": null, "share_2": null, "origin_2": null, "controller_3": null, "share_3": null, "origin_3": null, "spatial_province": "Catamarca", "province_code": "10", "province_match": true }, "geometry": { "type": "Point", "coordinates": [ -66.456819, -27.332918 ] } },
{ "type": "Feature", "properties": { "project_id": "59", "name": "Cerro Blanco", "latitude": -40.965, "longitude": -67.845, "commodity": "Plata", "source_province": "Río Negro", "stage": "Exploración inicial", "controller_1": null, "share_1": null, "origin_1": null, "controller_2": null, "share_2": null, "origin_2": null, "controller_3": null, "share_3": null, "origin_3": null, "spatial_province": "Río Negro", "province_code": "62", "province_match": true }, "geometry": { "type": "Point", "coordinates": [ -67.845, -40.965 ] } },
{ "type": "Feature", "properties": { "project_id": "60", "name": "Cerro Choique", "latitude": -40.88199, "longitude": -67.84295, "commodity": "Oro", "source_province": "Río Negro", "stage": "Exploración inicial", "controller_1": "Trendix Mining SRL", "share_1": "1", "origin_1": "Argentina", "controller_2": null, "share_2": null, "origin_2": null, "controller_3": null, "share_3": null, "origin_3": null, "spatial_province": "Río Negro", "province_code": "62", "province_match": true }, "geometry": { "type": "Point", "coordinates": [ -67.84295, -40.88199 ] } },
{ "type": "Feature", "properties": { "project_id": "61", "name": "Cerro Gordo", "latitude": -24.716, "longitude": -66.437, "commodity": "Oro", "source_province": "Salta", "stage": "Exploración inicial", "controller_1": "Cascadero Minerals S.A.", "share_1": null, "origin_1": null, "controller_2": null, "share_2": null, "origin_2": null, "controller_3": null, "share_3": null, "origin_3": null, "spatial_province": "Salta", "province_code": "66", "province_match": true }, "geometry": { "type": "Point", "coordinates": [ -66.437, -24.716 ] } },
{ "type": "Feature", "properties": { "project_id": "62", "name": "Cerro Juncal", "latitude": -24.767, "longitude": -66.769, "commodity": "Oro", "source_province": "Salta", "stage": "Exploración inicial", "controller_1": "Minera Cerro Juncal S.A.", "share_1": null, "origin_1": null, "controller_2": null, "share_2": null, "origin_2": null, "controller_3": null, "share_3": null, "origin_3": null, "spatial_province": "Salta", "province_code": "66", "province_match": true }, "geometry": { "type": "Point", "coordinates": [ -66.769, -24.767 ] } },
{ "type": "Feature", "properties": { "project_id": "63", "name": "Cerro Moro", "latitude": -48.11, "longitude": -66.65, "commodity": "Oro", "source_province": "Santa Cruz", "stage": "Producción", "controller_1": "Pan American Silver Corp", "share_1": "1", "origin_1": "Canadá", "controller_2": "-", "share_2": "-", "origin_2": "-", "controller_3": "-", "share_3": "-", "origin_3": "-", "spatial_province": "Santa Cruz", "province_code": "78", "province_match": true }, "geometry": { "type": "Point", "coordinates": [ -66.65, -48.11 ] } },
{ "type": "Feature", "properties": { "project_id": "64", "name": "Cerro Negro", "latitude": -46.90743, "longitude": -70.22152, "commodity": "Oro", "source_province": "Santa Cruz", "stage": "Producción", "controller_1": "Newmont Goldcorp", "share_1": "1", "origin_1": "Estados Unidos", "controller_2": "-", "share_2": "-", "origin_2": "-", "controller_3": "-", "share_3": "-", "origin_3": "-", "spatial_province": "Santa Cruz", "province_code": "78", "province_match": true }, "geometry": { "type": "Point", "coordinates": [ -70.22152, -46.90743 ] } },
{ "type": "Feature", "properties": { "project_id": "65", "name": "Cerro Negro", "latitude": -24.862, "longitude": -66.663, "commodity": "Cobre", "source_province": "Salta", "stage": "Exploración inicial", "controller_1": "Hanaq Group", "share_1": "1", "origin_1": "China", "controller_2": null, "share_2": null, "origin_2": null, "controller_3": null, "share_3": null, "origin_3": null, "spatial_province": "Salta", "province_code": "66", "province_match": true }, "geometry": { "type": "Point", "coordinates": [ -66.663, -24.862 ] } },
{ "type": "Feature", "properties": { "project_id": "66", "name": "Cerro Peñón", "latitude": -25.31234166, "longitude": -68.40613333, "commodity": "Oro", "source_province": "Catamarca", "stage": "Prospección", "controller_1": "Elevado Gold", "share_1": "1", "origin_1": "Australia", "controller_2": null, "share_2": null, "origin_2": null, "controller_3": null, "share_3": null, "origin_3": null, "spatial_province": "Catamarca", "province_code": "10", "province_match": true }, "geometry": { "type": "Point", "coordinates": [ -68.40613333, -25.31234166 ] } },
{ "type": "Feature", "properties": { "project_id": "67", "name": "Cerro Samenta", "latitude": -24.91, "longitude": -68.102, "commodity": "Cobre", "source_province": "Salta", "stage": "Exploración inicial", "controller_1": "Geoterra S.R.L.", "share_1": "1", "origin_1": "Argentina", "controller_2": null, "share_2": null, "origin_2": null, "controller_3": null, "share_3": null, "origin_3": null, "spatial_province": "Salta", "province_code": "66", "province_match": true }, "geometry": { "type": "Point", "coordinates": [ -68.102, -24.91 ] } },
{ "type": "Feature", "properties": { "project_id": "68", "name": "Cerro Socompa", "latitude": -24.395, "longitude": -68.145, "commodity": "Cobre", "source_province": "Salta", "stage": "Exploración avanzada", "controller_1": "Rodriguez Silvia Rene", "share_1": null, "origin_1": null, "controller_2": null, "share_2": null, "origin_2": null, "controller_3": null, "share_3": null, "origin_3": null, "spatial_province": "Salta", "province_code": "66", "province_match": true }, "geometry": { "type": "Point", "coordinates": [ -68.145, -24.395 ] } },
{ "type": "Feature", "properties": { "project_id": "69", "name": "Cerro Solo", "latitude": -43.37, "longitude": -68.688, "commodity": "Uranio", "source_province": "Chubut", "stage": "Exploración avanzada", "controller_1": "CNEA", "share_1": "1", "origin_1": "Argentina", "controller_2": "-", "share_2": "-", "origin_2": "-", "controller_3": "-", "share_3": "-", "origin_3": "-", "spatial_province": "Chubut", "province_code": "26", "province_match": true }, "geometry": { "type": "Point", "coordinates": [ -68.688, -43.37 ] } },
{ "type": "Feature", "properties": { "project_id": "70", "name": "Cerro Vanguardia", "latitude": -48.39861, "longitude": -68.29083, "commodity": "Oro", "source_province": "Santa Cruz", "stage": "Producción", "controller_1": "AngloGold Ashanti plc", "share_1": "0.925", "origin_1": "Sudáfrica", "controller_2": "Fomicruz", "share_2": "0.075", "origin_2": "Argentina", "controller_3": "-", "share_3": "-", "origin_3": "-", "spatial_province": "Santa Cruz", "province_code": "78", "province_match": true }, "geometry": { "type": "Point", "coordinates": [ -68.29083, -48.39861 ] } },
{ "type": "Feature", "properties": { "project_id": "71", "name": "Chachas", "latitude": -24.248, "longitude": -67.329, "commodity": "Cobre", "source_province": "Salta", "stage": "Exploración avanzada", "controller_1": "Minera El Toro S.A.", "share_1": null, "origin_1": null, "controller_2": null, "share_2": null, "origin_2": null, "controller_3": null, "share_3": null, "origin_3": null, "spatial_province": "Salta", "province_code": "66", "province_match": true }, "geometry": { "type": "Point", "coordinates": [ -67.329, -24.248 ] } },
{ "type": "Feature", "properties": { "project_id": "72", "name": "Chihuidos", "latitude": -37.8417, "longitude": -69.45, "commodity": "Uranio", "source_province": "Neuquén", "stage": "Exploración inicial", "controller_1": "Blue Sky Uranium Corp.", "share_1": "1", "origin_1": "Canadá", "controller_2": null, "share_2": null, "origin_2": null, "controller_3": null, "share_3": null, "origin_3": null, "spatial_province": "Neuquén", "province_code": "58", "province_match": true }, "geometry": { "type": "Point", "coordinates": [ -69.45, -37.8417 ] } },
{ "type": "Feature", "properties": { "project_id": "73", "name": "Cienaga Grande", "latitude": -24.9, "longitude": -66.627, "commodity": "Manganeso", "source_province": "Salta", "stage": "Exploración inicial", "controller_1": "Lazarte Luis Gabriel", "share_1": null, "origin_1": null, "controller_2": null, "share_2": null, "origin_2": null, "controller_3": null, "share_3": null, "origin_3": null, "spatial_province": "Salta", "province_code": "66", "province_match": true }, "geometry": { "type": "Point", "coordinates": [ -66.627, -24.9 ] } },
{ "type": "Feature", "properties": { "project_id": "74", "name": "Claudia", "latitude": -48.56447, "longitude": -68.10213, "commodity": "Oro", "source_province": "Santa Cruz", "stage": "Exploración avanzada", "controller_1": "Mirasol Resources Ltda.", "share_1": "1", "origin_1": "Canadá", "controller_2": "-", "share_2": "-", "origin_2": "-", "controller_3": "-", "share_3": "-", "origin_3": "-", "spatial_province": "Santa Cruz", "province_code": "78", "province_match": true }, "geometry": { "type": "Point", "coordinates": [ -68.10213, -48.56447 ] } },
{ "type": "Feature", "properties": { "project_id": "75", "name": "Co. Abanico", "latitude": -40.926, "longitude": -68.262, "commodity": "Molibdeno", "source_province": "Río Negro", "stage": "Exploración inicial", "controller_1": "Southern Copper Corp.", "share_1": "1", "origin_1": "Estados Unidos", "controller_2": null, "share_2": null, "origin_2": null, "controller_3": null, "share_3": null, "origin_3": null, "spatial_province": "Río Negro", "province_code": "62", "province_match": true }, "geometry": { "type": "Point", "coordinates": [ -68.262, -40.926 ] } },
{ "type": "Feature", "properties": { "project_id": "76", "name": "Co. La Mina", "latitude": -40.896, "longitude": -68.168, "commodity": "Plata", "source_province": "Río Negro", "stage": "Exploración inicial", "controller_1": "Southern Copper Corp.", "share_1": "1", "origin_1": "Estados Unidos", "controller_2": null, "share_2": null, "origin_2": null, "controller_3": null, "share_3": null, "origin_3": null, "spatial_province": "Río Negro", "province_code": "62", "province_match": true }, "geometry": { "type": "Point", "coordinates": [ -68.168, -40.896 ] } },
{ "type": "Feature", "properties": { "project_id": "77", "name": "Coipita", "latitude": -30.8986, "longitude": -70.15645, "commodity": "Cobre", "source_province": "San Juan", "stage": "Exploración inicial", "controller_1": "Teck Resources Ltda.", "share_1": "0.8", "origin_1": "Canadá", "controller_2": "AbraSilver Corp.", "share_2": "0.2", "origin_2": "Canadá", "controller_3": "-", "share_3": "-", "origin_3": "-", "spatial_province": "San Juan", "province_code": "70", "province_match": true }, "geometry": { "type": "Point", "coordinates": [ -70.15645, -30.8986 ] } },
{ "type": "Feature", "properties": { "project_id": "78", "name": "Conserrat", "latitude": -48.2978, "longitude": -68.53819, "commodity": "Oro", "source_province": "Santa Cruz", "stage": "Exploración avanzada", "controller_1": "Unico Silver Ltda.", "share_1": "1", "origin_1": "Australia", "controller_2": null, "share_2": null, "origin_2": null, "controller_3": "-", "share_3": "-", "origin_3": "-", "spatial_province": "Santa Cruz", "province_code": "78", "province_match": true }, "geometry": { "type": "Point", "coordinates": [ -68.53819, -48.2978 ] } },
{ "type": "Feature", "properties": { "project_id": "79", "name": "Corcovo", "latitude": -35.5, "longitude": -69.75, "commodity": "Uranio", "source_province": "Mendoza", "stage": "Exploración inicial", "controller_1": "Blue Sky Uranium Corp.", "share_1": "1", "origin_1": "Canadá", "controller_2": null, "share_2": null, "origin_2": null, "controller_3": null, "share_3": null, "origin_3": null, "spatial_province": "Mendoza", "province_code": "50", "province_match": true }, "geometry": { "type": "Point", "coordinates": [ -69.75, -35.5 ] } },
{ "type": "Feature", "properties": { "project_id": "80", "name": "Córdoba", "latitude": -22.43, "longitude": -66.34, "commodity": "Oro", "source_province": "Jujuy", "stage": "Producción", "controller_1": "Sociedad Minera Santa Maria S.A.", "share_1": "1", "origin_1": "Argentina", "controller_2": "-", "share_2": "-", "origin_2": "-", "controller_3": "-", "share_3": "-", "origin_3": "-", "spatial_province": "Jujuy", "province_code": "38", "province_match": true }, "geometry": { "type": "Point", "coordinates": [ -66.34, -22.43 ] } },
{ "type": "Feature", "properties": { "project_id": "81", "name": "Cristal", "latitude": -41.134, "longitude": -68.672, "commodity": "Plata", "source_province": "Río Negro", "stage": "Prospección", "controller_1": "Southern Copper Corp.", "share_1": "1", "origin_1": "Estados Unidos", "controller_2": null, "share_2": null, "origin_2": null, "controller_3": null, "share_3": null, "origin_3": null, "spatial_province": "Río Negro", "province_code": "62", "province_match": true }, "geometry": { "type": "Point", "coordinates": [ -68.672, -41.134 ] } },
{ "type": "Feature", "properties": { "project_id": "82", "name": "Custodio (San Martin Salamanca)", "latitude": -25.174, "longitude": -65.805, "commodity": "Cobre", "source_province": "Salta", "stage": "Exploración inicial", "controller_1": "Ekeko S.A", "share_1": null, "origin_1": null, "controller_2": null, "share_2": null, "origin_2": null, "controller_3": null, "share_3": null, "origin_3": null, "spatial_province": "Salta", "province_code": "66", "province_match": true }, "geometry": { "type": "Point", "coordinates": [ -65.805, -25.174 ] } },
{ "type": "Feature", "properties": { "project_id": "83", "name": "Cuya", "latitude": -40.98916667, "longitude": -68.38583333, "commodity": "Plata", "source_province": "Río Negro", "stage": "Exploración inicial", "controller_1": "Valcheta Exploraciones", "share_1": "1", "origin_1": "Argentina", "controller_2": null, "share_2": null, "origin_2": null, "controller_3": null, "share_3": null, "origin_3": null, "spatial_province": "Río Negro", "province_code": "62", "province_match": true }, "geometry": { "type": "Point", "coordinates": [ -68.38583333, -40.98916667 ] } },
{ "type": "Feature", "properties": { "project_id": "84", "name": "Diablillos", "latitude": -25.27349, "longitude": -66.81259, "commodity": "Plata", "source_province": "Catamarca - Salta", "stage": "Factibilidad", "controller_1": "AbraSilver Resources Corp", "share_1": "1", "origin_1": "Canadá", "controller_2": "-", "share_2": "-", "origin_2": "-", "controller_3": "-", "share_3": "-", "origin_3": "-", "spatial_province": "Catamarca", "province_code": "10", "province_match": true }, "geometry": { "type": "Point", "coordinates": [ -66.81259, -25.27349 ] } },
{ "type": "Feature", "properties": { "project_id": "85", "name": "Diana (La Torca)", "latitude": -24.431, "longitude": -66.309, "commodity": "Plomo", "source_province": "Salta", "stage": "Exploración avanzada", "controller_1": "Cardero Argentina S.A.", "share_1": null, "origin_1": null, "controller_2": null, "share_2": null, "origin_2": null, "controller_3": null, "share_3": null, "origin_3": null, "spatial_province": "Salta", "province_code": "66", "province_match": true }, "geometry": { "type": "Point", "coordinates": [ -66.309, -24.431 ] } },
{ "type": "Feature", "properties": { "project_id": "86", "name": "Distrito Gonzalito", "latitude": -41.29, "longitude": -65.75, "commodity": "Plomo", "source_province": "Río Negro", "stage": "Exploración inicial", "controller_1": "Trendix Mining SRL", "share_1": "1", "origin_1": "Argentina", "controller_2": null, "share_2": null, "origin_2": null, "controller_3": null, "share_3": null, "origin_3": null, "spatial_province": "Río Negro", "province_code": "62", "province_match": true }, "geometry": { "type": "Point", "coordinates": [ -65.75, -41.29 ] } },
{ "type": "Feature", "properties": { "project_id": "87", "name": "Don Julio", "latitude": -30.51674, "longitude": -69.7068, "commodity": "Oro", "source_province": "San Juan", "stage": "Exploración avanzada", "controller_1": "South32 ltd.", "share_1": "0.65", "origin_1": "Australia", "controller_2": "Sable Resources Ltd.", "share_2": "0.35", "origin_2": "Canadá", "controller_3": "-", "share_3": "-", "origin_3": "-", "spatial_province": "San Juan", "province_code": "70", "province_match": true }, "geometry": { "type": "Point", "coordinates": [ -69.7068, -30.51674 ] } },
{ "type": "Feature", "properties": { "project_id": "88", "name": "Don Nicolás", "latitude": -47.93368, "longitude": -67.45171, "commodity": "Oro", "source_province": "Santa Cruz", "stage": "Producción", "controller_1": "Cerrado Gold Inc.", "share_1": "1", "origin_1": "Canadá", "controller_2": "-", "share_2": "-", "origin_2": "-", "controller_3": "-", "share_3": "-", "origin_3": "-", "spatial_province": "Santa Cruz", "province_code": "78", "province_match": true }, "geometry": { "type": "Point", "coordinates": [ -67.45171, -47.93368 ] } },
{ "type": "Feature", "properties": { "project_id": "89", "name": "Don Otto", "latitude": -25.611, "longitude": -65.927, "commodity": "Uranio", "source_province": "Salta", "stage": "Factibilidad", "controller_1": "CNEA", "share_1": "1", "origin_1": "Argentina", "controller_2": null, "share_2": null, "origin_2": null, "controller_3": null, "share_3": null, "origin_3": null, "spatial_province": "Salta", "province_code": "66", "province_match": true }, "geometry": { "type": "Point", "coordinates": [ -65.927, -25.611 ] } },
{ "type": "Feature", "properties": { "project_id": "90", "name": "Don Sixto", "latitude": -36.29308, "longitude": -68.45586, "commodity": "Oro", "source_province": "Mendoza", "stage": "Exploración avanzada", "controller_1": "Pan American Silver Corp", "share_1": "1", "origin_1": "Canadá", "controller_2": "-", "share_2": "-", "origin_2": "-", "controller_3": "-", "share_3": "-", "origin_3": "-", "spatial_province": "Mendoza", "province_code": "50", "province_match": true }, "geometry": { "type": "Point", "coordinates": [ -68.45586, -36.29308 ] } },
{ "type": "Feature", "properties": { "project_id": "91", "name": "Doncella", "latitude": -24.787, "longitude": -68.004, "commodity": "Litio", "source_province": "Salta", "stage": "Exploración avanzada", "controller_1": "Hanaq Group", "share_1": "1", "origin_1": "China", "controller_2": null, "share_2": null, "origin_2": null, "controller_3": null, "share_3": null, "origin_3": null, "spatial_province": "Salta", "province_code": "66", "province_match": true }, "geometry": { "type": "Point", "coordinates": [ -68.004, -24.787 ] } },
{ "type": "Feature", "properties": { "project_id": "92", "name": "Dos Lagunas", "latitude": -40.916, "longitude": -67.958, "commodity": "Plata", "source_province": "Río Negro", "stage": "Exploración inicial", "controller_1": "Trendix Mining SRL", "share_1": "1", "origin_1": "Argentina", "controller_2": null, "share_2": null, "origin_2": null, "controller_3": null, "share_3": null, "origin_3": null, "spatial_province": "Río Negro", "province_code": "62", "province_match": true }, "geometry": { "type": "Point", "coordinates": [ -67.958, -40.916 ] } },
{ "type": "Feature", "properties": { "project_id": "93", "name": "El Abra", "latitude": -24.273, "longitude": -66.472, "commodity": "Antimonio", "source_province": "Salta", "stage": "Exploración inicial", "controller_1": null, "share_1": null, "origin_1": null, "controller_2": null, "share_2": null, "origin_2": null, "controller_3": null, "share_3": null, "origin_3": null, "spatial_province": "Salta", "province_code": "66", "province_match": true }, "geometry": { "type": "Point", "coordinates": [ -66.472, -24.273 ] } },
{ "type": "Feature", "properties": { "project_id": "94", "name": "El Acay", "latitude": -24.408, "longitude": -66.176, "commodity": "Plomo", "source_province": "Salta", "stage": "Exploración inicial", "controller_1": "Southern Cross Britania Lta.", "share_1": null, "origin_1": "Reino Unido", "controller_2": null, "share_2": null, "origin_2": null, "controller_3": null, "share_3": null, "origin_3": null, "spatial_province": "Salta", "province_code": "66", "province_match": true }, "geometry": { "type": "Point", "coordinates": [ -66.176, -24.408 ] } },
{ "type": "Feature", "properties": { "project_id": "95", "name": "El Bagual", "latitude": -40.406, "longitude": -67.949, "commodity": "Plata", "source_province": "Río Negro", "stage": "Exploración inicial", "controller_1": null, "share_1": null, "origin_1": null, "controller_2": null, "share_2": null, "origin_2": null, "controller_3": null, "share_3": null, "origin_3": null, "spatial_province": "Río Negro", "province_code": "62", "province_match": true }, "geometry": { "type": "Point", "coordinates": [ -67.949, -40.406 ] } },
{ "type": "Feature", "properties": { "project_id": "96", "name": "El Chorro", "latitude": -24.933, "longitude": -64.808, "commodity": "Cobre", "source_province": "Salta", "stage": "Prospección", "controller_1": null, "share_1": null, "origin_1": null, "controller_2": null, "share_2": null, "origin_2": null, "controller_3": null, "share_3": null, "origin_3": null, "spatial_province": "Salta", "province_code": "66", "province_match": true }, "geometry": { "type": "Point", "coordinates": [ -64.808, -24.933 ] } },
{ "type": "Feature", "properties": { "project_id": "97", "name": "El Dorado Monserrat", "latitude": -48.40667, "longitude": -68.60556, "commodity": "Oro", "source_province": "Santa Cruz", "stage": "Exploración avanzada", "controller_1": "Fredonia Mining Inc.", "share_1": "1", "origin_1": "Canadá", "controller_2": "-", "share_2": "-", "origin_2": "-", "controller_3": "-", "share_3": "-", "origin_3": "-", "spatial_province": "Santa Cruz", "province_code": "78", "province_match": true }, "geometry": { "type": "Point", "coordinates": [ -68.60556, -48.40667 ] } },
{ "type": "Feature", "properties": { "project_id": "98", "name": "El Duende", "latitude": -41.933, "longitude": -69.176, "commodity": "Plata", "source_province": "Río Negro", "stage": "Prospección", "controller_1": "Patagonia Gold", "share_1": "1", "origin_1": "Canadá", "controller_2": null, "share_2": null, "origin_2": null, "controller_3": null, "share_3": null, "origin_3": null, "spatial_province": "Río Negro", "province_code": "62", "province_match": true }, "geometry": { "type": "Point", "coordinates": [ -69.176, -41.933 ] } },
{ "type": "Feature", "properties": { "project_id": "99", "name": "El Fierro", "latitude": -29.45117, "longitude": -69.47948, "commodity": "Plata", "source_province": "San Juan", "stage": "Exploración inicial", "controller_1": "Sable Resources Ltd.", "share_1": "1", "origin_1": "Canadá", "controller_2": "-", "share_2": "-", "origin_2": "-", "controller_3": "-", "share_3": "-", "origin_3": "-", "spatial_province": "San Juan", "province_code": "70", "province_match": true }, "geometry": { "type": "Point", "coordinates": [ -69.47948, -29.45117 ] } },
{ "type": "Feature", "properties": { "project_id": "100", "name": "El Mago", "latitude": -40.328, "longitude": -67.827, "commodity": "Oro", "source_province": "Río Negro", "stage": "Prospección", "controller_1": "Valcheta Exploraciones", "share_1": "1", "origin_1": "Argentina", "controller_2": null, "share_2": null, "origin_2": null, "controller_3": null, "share_3": null, "origin_3": null, "spatial_province": "Río Negro", "province_code": "62", "province_match": true }, "geometry": { "type": "Point", "coordinates": [ -67.827, -40.328 ] } },
{ "type": "Feature", "properties": { "project_id": "101", "name": "El Morro", "latitude": -41.286, "longitude": -65.833, "commodity": "Plata", "source_province": "Río Negro", "stage": "Exploración inicial", "controller_1": "Patagonia Gold", "share_1": "1", "origin_1": "Canadá", "controller_2": null, "share_2": null, "origin_2": null, "controller_3": null, "share_3": null, "origin_3": null, "spatial_province": "Río Negro", "province_code": "62", "province_match": true }, "geometry": { "type": "Point", "coordinates": [ -65.833, -41.286 ] } },
{ "type": "Feature", "properties": { "project_id": "102", "name": "El Nazareno", "latitude": -22.512, "longitude": -65.093, "commodity": "Plomo", "source_province": "Salta", "stage": "Exploración inicial", "controller_1": null, "share_1": null, "origin_1": null, "controller_2": null, "share_2": null, "origin_2": null, "controller_3": null, "share_3": null, "origin_3": null, "spatial_province": "Salta", "province_code": "66", "province_match": true }, "geometry": { "type": "Point", "coordinates": [ -65.093, -22.512 ] } },
{ "type": "Feature", "properties": { "project_id": "103", "name": "El Pachón", "latitude": -31.744, "longitude": -70.431, "commodity": "Cobre", "source_province": "San Juan", "stage": "Factibilidad", "controller_1": "Glencore Plc.", "share_1": "1", "origin_1": "Suiza", "controller_2": "-", "share_2": "-", "origin_2": "-", "controller_3": "-", "share_3": "-", "origin_3": "-", "spatial_province": "San Juan", "province_code": "70", "province_match": true }, "geometry": { "type": "Point", "coordinates": [ -70.431, -31.744 ] } },
{ "type": "Feature", "properties": { "project_id": "104", "name": "El Pantano", "latitude": -47.90065, "longitude": -68.502730555555502, "commodity": "Oro", "source_province": "Santa Cruz", "stage": "Exploración inicial", "controller_1": "Orosur Mining Inc.", "share_1": "0.5", "origin_1": "Canadá", "controller_2": "Deseado Dorado S. A. S.", "share_2": "0.5", "origin_2": "Argentina", "controller_3": null, "share_3": null, "origin_3": null, "spatial_province": "Santa Cruz", "province_code": "78", "province_match": true }, "geometry": { "type": "Point", "coordinates": [ -68.502730555555502, -47.90065 ] } },
{ "type": "Feature", "properties": { "project_id": "105", "name": "El Peñon", "latitude": -24.832, "longitude": -66.31, "commodity": "Wolframio", "source_province": "Salta", "stage": "Exploración inicial", "controller_1": null, "share_1": null, "origin_1": null, "controller_2": null, "share_2": null, "origin_2": null, "controller_3": null, "share_3": null, "origin_3": null, "spatial_province": "Salta", "province_code": "66", "province_match": true }, "geometry": { "type": "Point", "coordinates": [ -66.31, -24.832 ] } },
{ "type": "Feature", "properties": { "project_id": "106", "name": "El Quevar", "latitude": -24.321178, "longitude": -66.814928, "commodity": "Plata", "source_province": "Salta", "stage": "Evaluación Económica Preliminar", "controller_1": "Argenta Silver Corp.", "share_1": "1", "origin_1": "Canadá", "controller_2": null, "share_2": null, "origin_2": null, "controller_3": "-", "share_3": "-", "origin_3": "-", "spatial_province": "Salta", "province_code": "66", "province_match": true }, "geometry": { "type": "Point", "coordinates": [ -66.814928, -24.321178 ] } },
{ "type": "Feature", "properties": { "project_id": "107", "name": "El Quirusillal", "latitude": -22.486, "longitude": -65.11, "commodity": "Plomo", "source_province": "Salta", "stage": "Exploración inicial", "controller_1": null, "share_1": null, "origin_1": null, "controller_2": null, "share_2": null, "origin_2": null, "controller_3": null, "share_3": null, "origin_3": null, "spatial_province": "Salta", "province_code": "66", "province_match": true }, "geometry": { "type": "Point", "coordinates": [ -65.11, -22.486 ] } },
{ "type": "Feature", "properties": { "project_id": "108", "name": "El Rosillo", "latitude": -41.14835, "longitude": -70.16163, "commodity": "Plata", "source_province": "Río Negro", "stage": "Exploración inicial", "controller_1": "Unico Silver Ltda.", "share_1": "1", "origin_1": "Australia", "controller_2": null, "share_2": null, "origin_2": null, "controller_3": null, "share_3": null, "origin_3": null, "spatial_province": "Río Negro", "province_code": "62", "province_match": true }, "geometry": { "type": "Point", "coordinates": [ -70.16163, -41.14835 ] } },
{ "type": "Feature", "properties": { "project_id": "109", "name": "El Salto", "latitude": -24.961, "longitude": -64.831, "commodity": "Cobre", "source_province": "Salta", "stage": "Exploración inicial", "controller_1": null, "share_1": null, "origin_1": null, "controller_2": null, "share_2": null, "origin_2": null, "controller_3": null, "share_3": null, "origin_3": null, "spatial_province": "Salta", "province_code": "66", "province_match": true }, "geometry": { "type": "Point", "coordinates": [ -64.831, -24.961 ] } },
{ "type": "Feature", "properties": { "project_id": "110", "name": "El Zanjón", "latitude": -48.76443, "longitude": -67.95911, "commodity": "Oro", "source_province": "Santa Cruz", "stage": "Prospección", "controller_1": "Rugby Resources Ltd.", "share_1": "1", "origin_1": "Canadá", "controller_2": null, "share_2": null, "origin_2": null, "controller_3": null, "share_3": null, "origin_3": null, "spatial_province": "Santa Cruz", "province_code": "78", "province_match": true }, "geometry": { "type": "Point", "coordinates": [ -67.95911, -48.76443 ] } },
{ "type": "Feature", "properties": { "project_id": "111", "name": "Elena", "latitude": -25.029, "longitude": -67.425, "commodity": "Cobre", "source_province": "Salta", "stage": "Exploración inicial", "controller_1": null, "share_1": null, "origin_1": null, "controller_2": null, "share_2": null, "origin_2": null, "controller_3": null, "share_3": null, "origin_3": null, "spatial_province": "Salta", "province_code": "66", "province_match": true }, "geometry": { "type": "Point", "coordinates": [ -67.425, -25.029 ] } },
{ "type": "Feature", "properties": { "project_id": "112", "name": "Emilia (Vicuña)", "latitude": -24.16, "longitude": -66.401, "commodity": "Plomo", "source_province": "Salta", "stage": "Exploración inicial", "controller_1": null, "share_1": null, "origin_1": null, "controller_2": null, "share_2": null, "origin_2": null, "controller_3": null, "share_3": null, "origin_3": null, "spatial_province": "Salta", "province_code": "66", "province_match": true }, "geometry": { "type": "Point", "coordinates": [ -66.401, -24.16 ] } },
{ "type": "Feature", "properties": { "project_id": "113", "name": "Emma Olga", "latitude": -25.133, "longitude": -66.401, "commodity": "Plomo", "source_province": "Salta", "stage": "Exploración inicial", "controller_1": null, "share_1": null, "origin_1": null, "controller_2": null, "share_2": null, "origin_2": null, "controller_3": null, "share_3": null, "origin_3": null, "spatial_province": "Salta", "province_code": "66", "province_match": true }, "geometry": { "type": "Point", "coordinates": [ -66.401, -25.133 ] } },
{ "type": "Feature", "properties": { "project_id": "114", "name": "Encrucijada", "latitude": -24.287, "longitude": -66.182, "commodity": "Cobre", "source_province": "Salta", "stage": "Exploración inicial", "controller_1": null, "share_1": null, "origin_1": null, "controller_2": null, "share_2": null, "origin_2": null, "controller_3": null, "share_3": null, "origin_3": null, "spatial_province": "Salta", "province_code": "66", "province_match": true }, "geometry": { "type": "Point", "coordinates": [ -66.182, -24.287 ] } },
{ "type": "Feature", "properties": { "project_id": "115", "name": "Escondido", "latitude": -41.75416667, "longitude": -69.92527778, "commodity": "Plata", "source_province": "Río Negro", "stage": "Exploración inicial", "controller_1": "Patagonia Gold", "share_1": "1", "origin_1": "Canadá", "controller_2": null, "share_2": null, "origin_2": null, "controller_3": null, "share_3": null, "origin_3": null, "spatial_province": "Río Negro", "province_code": "62", "province_match": true }, "geometry": { "type": "Point", "coordinates": [ -69.92527778, -41.75416667 ] } },
{ "type": "Feature", "properties": { "project_id": "116", "name": "Esperanza", "latitude": -40.35944444, "longitude": -68.39805556, "commodity": "Plata", "source_province": "Río Negro", "stage": "Exploración inicial", "controller_1": "Southern Copper Corp.", "share_1": "1", "origin_1": "Estados Unidos", "controller_2": null, "share_2": null, "origin_2": null, "controller_3": null, "share_3": null, "origin_3": null, "spatial_province": "Río Negro", "province_code": "62", "province_match": true }, "geometry": { "type": "Point", "coordinates": [ -68.39805556, -40.35944444 ] } },
{ "type": "Feature", "properties": { "project_id": "117", "name": "Esperanza (ex Chacabuco)", "latitude": -22.743, "longitude": -65.215, "commodity": "Plomo", "source_province": "Salta", "stage": "Exploración inicial", "controller_1": null, "share_1": null, "origin_1": null, "controller_2": null, "share_2": null, "origin_2": null, "controller_3": null, "share_3": null, "origin_3": null, "spatial_province": "Salta", "province_code": "66", "province_match": true }, "geometry": { "type": "Point", "coordinates": [ -65.215, -22.743 ] } },
{ "type": "Feature", "properties": { "project_id": "118", "name": "Esperanza Ii", "latitude": -41.317, "longitude": -65.717, "commodity": "Plomo", "source_province": "Río Negro", "stage": "Prospección", "controller_1": "Southern Copper Corp.", "share_1": "1", "origin_1": "Estados Unidos", "controller_2": null, "share_2": null, "origin_2": null, "controller_3": null, "share_3": null, "origin_3": null, "spatial_province": "Río Negro", "province_code": "62", "province_match": true }, "geometry": { "type": "Point", "coordinates": [ -65.717, -41.317 ] } },
{ "type": "Feature", "properties": { "project_id": "119", "name": "Esperanza y Huachi", "latitude": -29.92, "longitude": -68.854722222222193, "commodity": "Oro", "source_province": "San Juan", "stage": "Exploración inicial", "controller_1": "Latin Metals Inc.", "share_1": "1", "origin_1": "Canadá", "controller_2": null, "share_2": null, "origin_2": null, "controller_3": null, "share_3": null, "origin_3": null, "spatial_province": "San Juan", "province_code": "70", "province_match": true }, "geometry": { "type": "Point", "coordinates": [ -68.854722222222193, -29.92 ] } },
{ "type": "Feature", "properties": { "project_id": "120", "name": "Estela (Elsa)", "latitude": -24.499, "longitude": -66.026, "commodity": "Cobre", "source_province": "Salta", "stage": "Exploración inicial", "controller_1": null, "share_1": null, "origin_1": null, "controller_2": null, "share_2": null, "origin_2": null, "controller_3": null, "share_3": null, "origin_3": null, "spatial_province": "Salta", "province_code": "66", "province_match": true }, "geometry": { "type": "Point", "coordinates": [ -66.026, -24.499 ] } },
{ "type": "Feature", "properties": { "project_id": "121", "name": "Esther (Farallones)", "latitude": -24.278, "longitude": -66.463, "commodity": "Antimonio", "source_province": "Salta", "stage": "Exploración inicial", "controller_1": null, "share_1": null, "origin_1": null, "controller_2": null, "share_2": null, "origin_2": null, "controller_3": null, "share_3": null, "origin_3": null, "spatial_province": "Salta", "province_code": "66", "province_match": true }, "geometry": { "type": "Point", "coordinates": [ -66.463, -24.278 ] } },
{ "type": "Feature", "properties": { "project_id": "122", "name": "Ex mina Frusso", "latitude": -24.331, "longitude": -67.683, "commodity": "Cobre", "source_province": "Salta", "stage": "Exploración inicial", "controller_1": null, "share_1": null, "origin_1": null, "controller_2": null, "share_2": null, "origin_2": null, "controller_3": null, "share_3": null, "origin_3": null, "spatial_province": "Salta", "province_code": "66", "province_match": true }, "geometry": { "type": "Point", "coordinates": [ -67.683, -24.331 ] } },
{ "type": "Feature", "properties": { "project_id": "123", "name": "Farallón Negro", "latitude": -27.3079, "longitude": -66.67527, "commodity": "Oro", "source_province": "Catamarca", "stage": "Producción", "controller_1": "YMAD", "share_1": "1", "origin_1": "Argentina", "controller_2": "-", "share_2": "-", "origin_2": "-", "controller_3": "-", "share_3": "-", "origin_3": "-", "spatial_province": "Catamarca", "province_code": "10", "province_match": true }, "geometry": { "type": "Point", "coordinates": [ -66.67527, -27.3079 ] } },
{ "type": "Feature", "properties": { "project_id": "124", "name": "Fenix", "latitude": -25.3927, "longitude": -67.04878, "commodity": "Litio", "source_province": "Catamarca", "stage": "Producción", "controller_1": "Rio Tinto Group", "share_1": "1", "origin_1": "Reino Unido", "controller_2": "-", "share_2": "-", "origin_2": "-", "controller_3": "-", "share_3": "-", "origin_3": "-", "spatial_province": "Catamarca", "province_code": "10", "province_match": true }, "geometry": { "type": "Point", "coordinates": [ -67.04878, -25.3927 ] } },
{ "type": "Feature", "properties": { "project_id": "125", "name": "Fierro", "latitude": -41.43361111, "longitude": -65.29027778, "commodity": "Hierro", "source_province": "Río Negro", "stage": "Prospección", "controller_1": "Argentina Lithium & Energy Corp.", "share_1": "1", "origin_1": "Canadá", "controller_2": null, "share_2": null, "origin_2": null, "controller_3": null, "share_3": null, "origin_3": null, "spatial_province": "Río Negro", "province_code": "62", "province_match": true }, "geometry": { "type": "Point", "coordinates": [ -65.29027778, -41.43361111 ] } },
{ "type": "Feature", "properties": { "project_id": "126", "name": "Filo de Las Vicuñas", "latitude": -27.625592, "longitude": -68.494164, "commodity": "Oro", "source_province": "Catamarca", "stage": "Exploración inicial", "controller_1": "CAMYEN SE", "share_1": "1", "origin_1": "Argentina", "controller_2": null, "share_2": null, "origin_2": null, "controller_3": null, "share_3": null, "origin_3": null, "spatial_province": "Catamarca", "province_code": "10", "province_match": true }, "geometry": { "type": "Point", "coordinates": [ -68.494164, -27.625592 ] } },
{ "type": "Feature", "properties": { "project_id": "127", "name": "Filo Del Sol", "latitude": -28.49471, "longitude": -69.662, "commodity": "Cobre", "source_province": "San Juan", "stage": "Prefactibilidad", "controller_1": "Lundin Mining Corporation", "share_1": "0.5", "origin_1": "Canadá", "controller_2": "BHP Group Corp.", "share_2": "0.5", "origin_2": "Australia", "controller_3": "-", "share_3": "-", "origin_3": "-", "spatial_province": "San Juan", "province_code": "70", "province_match": true }, "geometry": { "type": "Point", "coordinates": [ -69.662, -28.49471 ] } },
{ "type": "Feature", "properties": { "project_id": "128", "name": "Finca El Toro", "latitude": -24.183, "longitude": -65.855, "commodity": "Hierro", "source_province": "Salta", "stage": "Exploración inicial", "controller_1": null, "share_1": null, "origin_1": null, "controller_2": null, "share_2": null, "origin_2": null, "controller_3": null, "share_3": null, "origin_3": null, "spatial_province": "Salta", "province_code": "66", "province_match": true }, "geometry": { "type": "Point", "coordinates": [ -65.855, -24.183 ] } },
{ "type": "Feature", "properties": { "project_id": "129", "name": "Flammarion", "latitude": -24.17, "longitude": -66.412, "commodity": "Plomo", "source_province": "Salta", "stage": "Exploración avanzada", "controller_1": "Hanaq Group", "share_1": "1", "origin_1": "China", "controller_2": null, "share_2": null, "origin_2": null, "controller_3": null, "share_3": null, "origin_3": null, "spatial_province": "Salta", "province_code": "66", "province_match": true }, "geometry": { "type": "Point", "coordinates": [ -66.412, -24.17 ] } },
{ "type": "Feature", "properties": { "project_id": "130", "name": "Formentera-Cilón", "latitude": -23.39751, "longitude": -66.98014, "commodity": "Litio", "source_province": "Jujuy", "stage": "Exploración inicial", "controller_1": "Patagonia Lithium", "share_1": "1", "origin_1": "Australia", "controller_2": null, "share_2": null, "origin_2": null, "controller_3": null, "share_3": null, "origin_3": null, "spatial_province": "Jujuy", "province_code": "38", "province_match": true }, "geometry": { "type": "Point", "coordinates": [ -66.98014, -23.39751 ] } },
{ "type": "Feature", "properties": { "project_id": "131", "name": "Francisco Cornejo", "latitude": -24.365, "longitude": -66.036, "commodity": "Cobre", "source_province": "Salta", "stage": "Exploración inicial", "controller_1": null, "share_1": null, "origin_1": null, "controller_2": null, "share_2": null, "origin_2": null, "controller_3": null, "share_3": null, "origin_3": null, "spatial_province": "Salta", "province_code": "66", "province_match": true }, "geometry": { "type": "Point", "coordinates": [ -66.036, -24.365 ] } },
{ "type": "Feature", "properties": { "project_id": "132", "name": "Gallego", "latitude": -25.03, "longitude": -67.01, "commodity": "Litio", "source_province": "Salta", "stage": "Exploración avanzada", "controller_1": "Everlight Resources", "share_1": "1", "origin_1": "Australia", "controller_2": null, "share_2": null, "origin_2": null, "controller_3": null, "share_3": null, "origin_3": null, "spatial_province": "Salta", "province_code": "66", "province_match": true }, "geometry": { "type": "Point", "coordinates": [ -67.01, -25.03 ] } },
{ "type": "Feature", "properties": { "project_id": "133", "name": "Gran Mascasin", "latitude": -31.7096638, "longitude": -66.7770111, "commodity": "Litio", "source_province": "La Rioja", "stage": "Prospección", "controller_1": "Litios LRJ S.A.", "share_1": "1", "origin_1": "Argentina", "controller_2": null, "share_2": null, "origin_2": null, "controller_3": null, "share_3": null, "origin_3": null, "spatial_province": "La Rioja", "province_code": "46", "province_match": true }, "geometry": { "type": "Point", "coordinates": [ -66.7770111, -31.7096638 ] } },
{ "type": "Feature", "properties": { "project_id": "134", "name": "Gualcamayo / Carbonatos Profundos", "latitude": -29.72, "longitude": -68.629, "commodity": "Oro", "source_province": "San Juan", "stage": "Producción", "controller_1": "Eris LLC", "share_1": "1", "origin_1": "Estados Unidos", "controller_2": "-", "share_2": "-", "origin_2": "-", "controller_3": "-", "share_3": "-", "origin_3": "-", "spatial_province": "San Juan", "province_code": "70", "province_match": true }, "geometry": { "type": "Point", "coordinates": [ -68.629, -29.72 ] } },
{ "type": "Feature", "properties": { "project_id": "135", "name": "Hierro Indio", "latitude": -35.0, "longitude": -69.783333, "commodity": "Hierro", "source_province": "Mendoza", "stage": "Exploración avanzada", "controller_1": "Orvana Minerals Corp", "share_1": null, "origin_1": null, "controller_2": null, "share_2": null, "origin_2": null, "controller_3": null, "share_3": null, "origin_3": null, "spatial_province": "Mendoza", "province_code": "50", "province_match": true }, "geometry": { "type": "Point", "coordinates": [ -69.783333, -35.0 ] } },
{ "type": "Feature", "properties": { "project_id": "136", "name": "Hombre Muerto Norte", "latitude": -25.22556, "longitude": -66.98187, "commodity": "Litio", "source_province": "Salta", "stage": "Evaluación Económica Preliminar", "controller_1": "POSCO Holdings Inc.", "share_1": "1", "origin_1": "Corea del Sur", "controller_2": null, "share_2": null, "origin_2": null, "controller_3": "-", "share_3": "-", "origin_3": "-", "spatial_province": "Salta", "province_code": "66", "province_match": true }, "geometry": { "type": "Point", "coordinates": [ -66.98187, -25.22556 ] } },
{ "type": "Feature", "properties": { "project_id": "137", "name": "Hombre Muerto Oeste", "latitude": -25.4099951, "longitude": -67.2450136, "commodity": "Litio", "source_province": "Catamarca", "stage": "Construcción", "controller_1": "Galan Lithium Limited", "share_1": "1", "origin_1": "Australia", "controller_2": "-", "share_2": "-", "origin_2": "-", "controller_3": "-", "share_3": "-", "origin_3": "-", "spatial_province": "Catamarca", "province_code": "10", "province_match": true }, "geometry": { "type": "Point", "coordinates": [ -67.2450136, -25.4099951 ] } },
{ "type": "Feature", "properties": { "project_id": "138", "name": "Hombre Muerto", "latitude": -25.534896, "longitude": -67.10699, "commodity": "Litio", "source_province": "Catamarca", "stage": "Prospección", "controller_1": "Pan American Energy", "share_1": "1", "origin_1": "Argentina", "controller_2": null, "share_2": null, "origin_2": null, "controller_3": null, "share_3": null, "origin_3": null, "spatial_province": "Catamarca", "province_code": "10", "province_match": true }, "geometry": { "type": "Point", "coordinates": [ -67.10699, -25.534896 ] } },
{ "type": "Feature", "properties": { "project_id": "139", "name": "Hope", "latitude": -44.275, "longitude": -67.0475, "commodity": "Uranio", "source_province": "Chubut", "stage": "Prospección", "controller_1": null, "share_1": null, "origin_1": null, "controller_2": null, "share_2": null, "origin_2": null, "controller_3": null, "share_3": null, "origin_3": null, "spatial_province": "Chubut", "province_code": "26", "province_match": true }, "geometry": { "type": "Point", "coordinates": [ -67.0475, -44.275 ] } },
{ "type": "Feature", "properties": { "project_id": "140", "name": "Hortencia", "latitude": -24.282, "longitude": -67.667, "commodity": "Cobre", "source_province": "Salta", "stage": "Exploración inicial", "controller_1": "Ganfeng Lithium Co. Ltd.", "share_1": null, "origin_1": null, "controller_2": null, "share_2": null, "origin_2": null, "controller_3": null, "share_3": null, "origin_3": null, "spatial_province": "Salta", "province_code": "66", "province_match": true }, "geometry": { "type": "Point", "coordinates": [ -67.667, -24.282 ] } },
{ "type": "Feature", "properties": { "project_id": "141", "name": "Huaico Hondo", "latitude": -24.479, "longitude": -66.191, "commodity": "Cobre", "source_province": "Salta", "stage": "Exploración inicial", "controller_1": null, "share_1": null, "origin_1": null, "controller_2": null, "share_2": null, "origin_2": null, "controller_3": null, "share_3": null, "origin_3": null, "spatial_province": "Salta", "province_code": "66", "province_match": true }, "geometry": { "type": "Point", "coordinates": [ -66.191, -24.479 ] } },
{ "type": "Feature", "properties": { "project_id": "142", "name": "Hualilán", "latitude": -30.73193, "longitude": -68.95328, "commodity": "Oro", "source_province": "San Juan", "stage": "Producción", "controller_1": "Challenger Gold Ltda.", "share_1": "1", "origin_1": "Australia", "controller_2": "-", "share_2": "-", "origin_2": "-", "controller_3": "-", "share_3": "-", "origin_3": "-", "spatial_province": "San Juan", "province_code": "70", "province_match": true }, "geometry": { "type": "Point", "coordinates": [ -68.95328, -30.73193 ] } },
{ "type": "Feature", "properties": { "project_id": "143", "name": "Huemules", "latitude": -36.1539145, "longitude": -69.2049679, "commodity": "Uranio", "source_province": "Mendoza", "stage": "Exploración inicial", "controller_1": "Jaguar Uranium Corp.", "share_1": "1", "origin_1": "Canadá", "controller_2": null, "share_2": null, "origin_2": null, "controller_3": null, "share_3": null, "origin_3": null, "spatial_province": "Mendoza", "province_code": "50", "province_match": true }, "geometry": { "type": "Point", "coordinates": [ -69.2049679, -36.1539145 ] } },
{ "type": "Feature", "properties": { "project_id": "144", "name": "Inca", "latitude": -24.34, "longitude": -65.911, "commodity": "Hierro", "source_province": "Salta", "stage": "Exploración inicial", "controller_1": null, "share_1": null, "origin_1": null, "controller_2": null, "share_2": null, "origin_2": null, "controller_3": null, "share_3": null, "origin_3": null, "spatial_province": "Salta", "province_code": "66", "province_match": true }, "geometry": { "type": "Point", "coordinates": [ -65.911, -24.34 ] } },
{ "type": "Feature", "properties": { "project_id": "145", "name": "Inca Viejo", "latitude": -25.145, "longitude": -66.761, "commodity": "Oro", "source_province": "Salta", "stage": "Exploración inicial", "controller_1": null, "share_1": null, "origin_1": null, "controller_2": null, "share_2": null, "origin_2": null, "controller_3": null, "share_3": null, "origin_3": null, "spatial_province": "Salta", "province_code": "66", "province_match": true }, "geometry": { "type": "Point", "coordinates": [ -66.761, -25.145 ] } },
{ "type": "Feature", "properties": { "project_id": "146", "name": "Incachule", "latitude": -24.267, "longitude": -66.46, "commodity": "Manganeso", "source_province": "Salta", "stage": "Exploración inicial", "controller_1": null, "share_1": null, "origin_1": null, "controller_2": null, "share_2": null, "origin_2": null, "controller_3": null, "share_3": null, "origin_3": null, "spatial_province": "Salta", "province_code": "66", "province_match": true }, "geometry": { "type": "Point", "coordinates": [ -66.46, -24.267 ] } },
{ "type": "Feature", "properties": { "project_id": "147", "name": "Incahuasi", "latitude": -26.35584, "longitude": -67.64756, "commodity": "Litio", "source_province": "Catamarca", "stage": "Exploración inicial", "controller_1": "Argentina Lithium & Energy Corp.", "share_1": "1", "origin_1": "Canadá", "controller_2": "-", "share_2": "-", "origin_2": "-", "controller_3": "-", "share_3": "-", "origin_3": "-", "spatial_province": "Catamarca", "province_code": "10", "province_match": true }, "geometry": { "type": "Point", "coordinates": [ -67.64756, -26.35584 ] } },
{ "type": "Feature", "properties": { "project_id": "148", "name": "Incahuasi", "latitude": -24.15033754, "longitude": -67.53405109000001, "commodity": "Litio", "source_province": "Salta", "stage": "Exploración avanzada", "controller_1": null, "share_1": null, "origin_1": null, "controller_2": null, "share_2": null, "origin_2": null, "controller_3": null, "share_3": null, "origin_3": null, "spatial_province": "Salta", "province_code": "66", "province_match": true }, "geometry": { "type": "Point", "coordinates": [ -67.53405109, -24.15033754 ] } },
{ "type": "Feature", "properties": { "project_id": "149", "name": "Incahuasi", "latitude": -24.362, "longitude": -65.914, "commodity": "Oro", "source_province": "Salta", "stage": "Exploración inicial", "controller_1": "Cascadero Minerals S.A.", "share_1": "0.5", "origin_1": null, "controller_2": "N/A", "share_2": "0.5", "origin_2": null, "controller_3": null, "share_3": null, "origin_3": null, "spatial_province": "Salta", "province_code": "66", "province_match": true }, "geometry": { "type": "Point", "coordinates": [ -65.914, -24.362 ] } },
{ "type": "Feature", "properties": { "project_id": "150", "name": "Incahuasi Moncho", "latitude": -24.24349093, "longitude": -67.56645623, "commodity": "Litio", "source_province": "Salta", "stage": "Exploración avanzada", "controller_1": "Ganfeng Lithium Co. Ltd.", "share_1": "1", "origin_1": "China", "controller_2": null, "share_2": null, "origin_2": null, "controller_3": null, "share_3": null, "origin_3": null, "spatial_province": "Salta", "province_code": "66", "province_match": true }, "geometry": { "type": "Point", "coordinates": [ -67.56645623, -24.24349093 ] } },
{ "type": "Feature", "properties": { "project_id": "151", "name": "Incauca", "latitude": -25.166, "longitude": -66.401, "commodity": "Plomo", "source_province": "Salta", "stage": "Prospección", "controller_1": null, "share_1": null, "origin_1": null, "controller_2": null, "share_2": null, "origin_2": null, "controller_3": null, "share_3": null, "origin_3": null, "spatial_province": "Salta", "province_code": "66", "province_match": true }, "geometry": { "type": "Point", "coordinates": [ -66.401, -25.166 ] } },
{ "type": "Feature", "properties": { "project_id": "152", "name": "Interceptor", "latitude": -27.68537, "longitude": -68.29215, "commodity": "Cobre", "source_province": "Catamarca", "stage": "Prospección", "controller_1": "NGEx Minerals Ltd.", "share_1": "1", "origin_1": "Canadá", "controller_2": "-", "share_2": "-", "origin_2": "-", "controller_3": "-", "share_3": "-", "origin_3": "-", "spatial_province": "Catamarca", "province_code": "10", "province_match": true }, "geometry": { "type": "Point", "coordinates": [ -68.29215, -27.68537 ] } },
{ "type": "Feature", "properties": { "project_id": "153", "name": "Ivana (Amarillo Grande)", "latitude": -39.61437, "longitude": -67.22486, "commodity": "Uranio", "source_province": "Río Negro", "stage": "Evaluación Económica Preliminar", "controller_1": "Ivana Minerales S.A.", "share_1": "1", "origin_1": "Argentina", "controller_2": "-", "share_2": "-", "origin_2": "-", "controller_3": "-", "share_3": "-", "origin_3": "-", "spatial_province": "Río Negro", "province_code": "62", "province_match": true }, "geometry": { "type": "Point", "coordinates": [ -67.22486, -39.61437 ] } },
{ "type": "Feature", "properties": { "project_id": "154", "name": "Jaguelíto", "latitude": -29.77222, "longitude": -69.6375, "commodity": "Oro", "source_province": "San Juan", "stage": "Exploración inicial", "controller_1": "Corporación América", "share_1": "1", "origin_1": "Argentina", "controller_2": "-", "share_2": "-", "origin_2": "-", "controller_3": "-", "share_3": "-", "origin_3": "-", "spatial_province": "San Juan", "province_code": "70", "province_match": true }, "geometry": { "type": "Point", "coordinates": [ -69.6375, -29.77222 ] } },
{ "type": "Feature", "properties": { "project_id": "155", "name": "Josemaria", "latitude": -28.43583, "longitude": -69.54861, "commodity": "Cobre", "source_province": "San Juan", "stage": "Construcción", "controller_1": "Lundin Mining Corporation", "share_1": "0.5", "origin_1": "Canadá", "controller_2": "BHP Group", "share_2": "0.5", "origin_2": "Australia", "controller_3": "-", "share_3": "-", "origin_3": "-", "spatial_province": "San Juan", "province_code": "70", "province_match": true }, "geometry": { "type": "Point", "coordinates": [ -69.54861, -28.43583 ] } },
{ "type": "Feature", "properties": { "project_id": "156", "name": "Juramento", "latitude": -25.221, "longitude": -65.112, "commodity": "Cobre", "source_province": "Salta", "stage": "Exploración inicial", "controller_1": null, "share_1": null, "origin_1": null, "controller_2": null, "share_2": null, "origin_2": null, "controller_3": null, "share_3": null, "origin_3": null, "spatial_province": "Salta", "province_code": "66", "province_match": true }, "geometry": { "type": "Point", "coordinates": [ -65.112, -25.221 ] } },
{ "type": "Feature", "properties": { "project_id": "157", "name": "Kachi", "latitude": -26.49883, "longitude": -67.42899, "commodity": "Litio", "source_province": "Catamarca", "stage": "Factibilidad", "controller_1": "Lake Resources NL", "share_1": "0.75", "origin_1": "Australia", "controller_2": "Lilac Solutions Inc.", "share_2": "0.25", "origin_2": "Estados Unidos", "controller_3": "-", "share_3": "-", "origin_3": "-", "spatial_province": "Catamarca", "province_code": "10", "province_match": true }, "geometry": { "type": "Point", "coordinates": [ -67.42899, -26.49883 ] } },
{ "type": "Feature", "properties": { "project_id": "158", "name": "Kaia", "latitude": -41.39638889, "longitude": -69.41694444, "commodity": "Uranio", "source_province": "Río Negro", "stage": "Prospección", "controller_1": null, "share_1": null, "origin_1": null, "controller_2": null, "share_2": null, "origin_2": null, "controller_3": null, "share_3": null, "origin_3": null, "spatial_province": "Río Negro", "province_code": "62", "province_match": true }, "geometry": { "type": "Point", "coordinates": [ -69.41694444, -41.39638889 ] } },
{ "type": "Feature", "properties": { "project_id": "159", "name": "Karachi Salar Escondido", "latitude": -26.378105, "longitude": -67.4459527, "commodity": "Litio", "source_province": "Catamarca", "stage": "Prospección", "controller_1": "Lithium South", "share_1": "1", "origin_1": "Canadá", "controller_2": "-", "share_2": "-", "origin_2": "-", "controller_3": "-", "share_3": "-", "origin_3": "-", "spatial_province": "Catamarca", "province_code": "10", "province_match": true }, "geometry": { "type": "Point", "coordinates": [ -67.4459527, -26.378105 ] } },
{ "type": "Feature", "properties": { "project_id": "160", "name": "La Ciénaga", "latitude": -22.389, "longitude": -65.073, "commodity": "Plomo", "source_province": "Salta", "stage": "Exploración inicial", "controller_1": null, "share_1": null, "origin_1": null, "controller_2": null, "share_2": null, "origin_2": null, "controller_3": null, "share_3": null, "origin_3": null, "spatial_province": "Salta", "province_code": "66", "province_match": true }, "geometry": { "type": "Point", "coordinates": [ -65.073, -22.389 ] } },
{ "type": "Feature", "properties": { "project_id": "161", "name": "La Colorada", "latitude": -24.2475, "longitude": -66.24944, "commodity": "Hierro", "source_province": "Salta", "stage": "Exploración inicial", "controller_1": null, "share_1": null, "origin_1": null, "controller_2": null, "share_2": null, "origin_2": null, "controller_3": null, "share_3": null, "origin_3": null, "spatial_province": "Salta", "province_code": "66", "province_match": true }, "geometry": { "type": "Point", "coordinates": [ -66.24944, -24.2475 ] } },
{ "type": "Feature", "properties": { "project_id": "162", "name": "La Diez", "latitude": -28.4452027, "longitude": -66.65041, "commodity": "Litio", "source_province": "La Rioja", "stage": "Prospección", "controller_1": "Udine S.A.", "share_1": "1", "origin_1": "Argentina", "controller_2": null, "share_2": null, "origin_2": null, "controller_3": null, "share_3": null, "origin_3": null, "spatial_province": "La Rioja", "province_code": "46", "province_match": true }, "geometry": { "type": "Point", "coordinates": [ -66.65041, -28.4452027 ] } },
{ "type": "Feature", "properties": { "project_id": "163", "name": "La Esperanza", "latitude": -40.2725, "longitude": -68.24111111000001, "commodity": "Plata", "source_province": "Río Negro", "stage": "Exploración inicial", "controller_1": "Valcheta Exploraciones", "share_1": "1", "origin_1": "Argentina", "controller_2": null, "share_2": null, "origin_2": null, "controller_3": null, "share_3": null, "origin_3": null, "spatial_province": "Río Negro", "province_code": "62", "province_match": true }, "geometry": { "type": "Point", "coordinates": [ -68.24111111, -40.2725 ] } },
{ "type": "Feature", "properties": { "project_id": "164", "name": "La Esperanza", "latitude": -24.242, "longitude": -66.487, "commodity": "Plomo", "source_province": "Salta", "stage": "Exploración avanzada", "controller_1": null, "share_1": null, "origin_1": null, "controller_2": null, "share_2": null, "origin_2": null, "controller_3": null, "share_3": null, "origin_3": null, "spatial_province": "Salta", "province_code": "66", "province_match": true }, "geometry": { "type": "Point", "coordinates": [ -66.487, -24.242 ] } },
{ "type": "Feature", "properties": { "project_id": "165", "name": "La Josefina", "latitude": -47.86613, "longitude": -69.37623, "commodity": "Oro", "source_province": "Santa Cruz", "stage": "Exploración avanzada", "controller_1": "Patagonia Gold", "share_1": "0.95", "origin_1": "Canadá", "controller_2": "Fomicruz", "share_2": "0.05", "origin_2": "Argentina", "controller_3": "-", "share_3": "-", "origin_3": "-", "spatial_province": "Santa Cruz", "province_code": "78", "province_match": true }, "geometry": { "type": "Point", "coordinates": [ -69.37623, -47.86613 ] } },
{ "type": "Feature", "properties": { "project_id": "166", "name": "La Luz - Ivan Trend", "latitude": -40.649, "longitude": -68.437, "commodity": "Plomo", "source_province": "Río Negro", "stage": "Exploración inicial", "controller_1": "Trendix Mining SRL", "share_1": "1", "origin_1": "Argentina", "controller_2": null, "share_2": null, "origin_2": null, "controller_3": null, "share_3": null, "origin_3": null, "spatial_province": "Río Negro", "province_code": "62", "province_match": true }, "geometry": { "type": "Point", "coordinates": [ -68.437, -40.649 ] } },
{ "type": "Feature", "properties": { "project_id": "167", "name": "La Manchuria", "latitude": -48.15831, "longitude": -69.89174, "commodity": "Oro", "source_province": "Santa Cruz", "stage": "Exploración avanzada", "controller_1": "Astra Exploration", "share_1": "0.9", "origin_1": "Canadá", "controller_2": "Fomicruz", "share_2": "0.1", "origin_2": "Argentina", "controller_3": "-", "share_3": "-", "origin_3": "-", "spatial_province": "Santa Cruz", "province_code": "78", "province_match": true }, "geometry": { "type": "Point", "coordinates": [ -69.89174, -48.15831 ] } },
{ "type": "Feature", "properties": { "project_id": "168", "name": "La Niquelina", "latitude": -22.347, "longitude": -65.221, "commodity": "Niquel", "source_province": "Salta", "stage": "Exploración inicial", "controller_1": null, "share_1": null, "origin_1": null, "controller_2": null, "share_2": null, "origin_2": null, "controller_3": null, "share_3": null, "origin_3": null, "spatial_province": "Salta", "province_code": "66", "province_match": true }, "geometry": { "type": "Point", "coordinates": [ -65.221, -22.347 ] } },
{ "type": "Feature", "properties": { "project_id": "169", "name": "La Ortiga", "latitude": -28.79747, "longitude": -69.4495, "commodity": "Cobre", "source_province": "San Juan", "stage": "Exploración avanzada", "controller_1": "Barrick Mining Corporation", "share_1": "1", "origin_1": "Canadá", "controller_2": null, "share_2": null, "origin_2": null, "controller_3": "-", "share_3": "-", "origin_3": "-", "spatial_province": "San Juan", "province_code": "70", "province_match": true }, "geometry": { "type": "Point", "coordinates": [ -69.4495, -28.79747 ] } },
{ "type": "Feature", "properties": { "project_id": "170", "name": "La Poma (La negra)", "latitude": -24.241, "longitude": -66.485, "commodity": "Plomo", "source_province": "Salta", "stage": "Exploración avanzada", "controller_1": null, "share_1": null, "origin_1": null, "controller_2": null, "share_2": null, "origin_2": null, "controller_3": null, "share_3": null, "origin_3": null, "spatial_province": "Salta", "province_code": "66", "province_match": true }, "geometry": { "type": "Point", "coordinates": [ -66.485, -24.241 ] } },
{ "type": "Feature", "properties": { "project_id": "171", "name": "La Poma I", "latitude": -24.438, "longitude": -66.303, "commodity": "Plomo", "source_province": "Salta", "stage": "Exploración avanzada", "controller_1": null, "share_1": null, "origin_1": null, "controller_2": null, "share_2": null, "origin_2": null, "controller_3": null, "share_3": null, "origin_3": null, "spatial_province": "Salta", "province_code": "66", "province_match": true }, "geometry": { "type": "Point", "coordinates": [ -66.303, -24.438 ] } },
{ "type": "Feature", "properties": { "project_id": "172", "name": "La Porfiada (Don Eusebio, Don Marcos, Magnetita)", "latitude": -24.336, "longitude": -65.849, "commodity": "Hierro", "source_province": "Salta", "stage": "Exploración inicial", "controller_1": null, "share_1": null, "origin_1": null, "controller_2": null, "share_2": null, "origin_2": null, "controller_3": null, "share_3": null, "origin_3": null, "spatial_province": "Salta", "province_code": "66", "province_match": true }, "geometry": { "type": "Point", "coordinates": [ -65.849, -24.336 ] } },
{ "type": "Feature", "properties": { "project_id": "173", "name": "La Providencia", "latitude": -23.26139, "longitude": -66.80083, "commodity": "Plata", "source_province": "Jujuy", "stage": "Producción", "controller_1": "Hanaq Group", "share_1": "1", "origin_1": "China", "controller_2": "-", "share_2": "-", "origin_2": "-", "controller_3": "-", "share_3": "-", "origin_3": "-", "spatial_province": "Jujuy", "province_code": "38", "province_match": true }, "geometry": { "type": "Point", "coordinates": [ -66.80083, -23.26139 ] } },
{ "type": "Feature", "properties": { "project_id": "174", "name": "La Victoria", "latitude": -24.792, "longitude": -68.061, "commodity": "Hierro", "source_province": "Salta", "stage": "Exploración inicial", "controller_1": null, "share_1": null, "origin_1": null, "controller_2": null, "share_2": null, "origin_2": null, "controller_3": null, "share_3": null, "origin_3": null, "spatial_province": "Salta", "province_code": "66", "province_match": true }, "geometry": { "type": "Point", "coordinates": [ -68.061, -24.792 ] } },
{ "type": "Feature", "properties": { "project_id": "175", "name": "Lago Seco", "latitude": -44.3777778, "longitude": -67.320277777777704, "commodity": "Uranio", "source_province": "Chubut", "stage": "Prospección", "controller_1": null, "share_1": null, "origin_1": null, "controller_2": null, "share_2": null, "origin_2": null, "controller_3": null, "share_3": null, "origin_3": null, "spatial_province": "Chubut", "province_code": "26", "province_match": true }, "geometry": { "type": "Point", "coordinates": [ -67.320277777777704, -44.3777778 ] } },
{ "type": "Feature", "properties": { "project_id": "176", "name": "Laguna Amarilla", "latitude": -40.905, "longitude": -67.949, "commodity": "Plata", "source_province": "Río Negro", "stage": "Exploración inicial", "controller_1": "Rio de Oro Exploraciones", "share_1": "1", "origin_1": "Argentina", "controller_2": null, "share_2": null, "origin_2": null, "controller_3": null, "share_3": null, "origin_3": null, "spatial_province": "Río Negro", "province_code": "62", "province_match": true }, "geometry": { "type": "Point", "coordinates": [ -67.949, -40.905 ] } },
{ "type": "Feature", "properties": { "project_id": "177", "name": "Laguna Colorada", "latitude": -43.91, "longitude": -68.67, "commodity": "Uranio", "source_province": "Chubut", "stage": "Exploración avanzada", "controller_1": "CNEA", "share_1": "1", "origin_1": "Argentina", "controller_2": "-", "share_2": "-", "origin_2": "-", "controller_3": "-", "share_3": "-", "origin_3": "-", "spatial_province": "Chubut", "province_code": "26", "province_match": true }, "geometry": { "type": "Point", "coordinates": [ -68.67, -43.91 ] } },
{ "type": "Feature", "properties": { "project_id": "178", "name": "Laguna Salada", "latitude": -44.29626, "longitude": -67.21681, "commodity": "Uranio", "source_province": "Chubut", "stage": "Evaluación Económica Preliminar", "controller_1": "Jaguar Uranium Corp.", "share_1": "1", "origin_1": "Canadá", "controller_2": "-", "share_2": "-", "origin_2": "-", "controller_3": "-", "share_3": "-", "origin_3": "-", "spatial_province": "Chubut", "province_code": "26", "province_match": true }, "geometry": { "type": "Point", "coordinates": [ -67.21681, -44.29626 ] } },
{ "type": "Feature", "properties": { "project_id": "179", "name": "Laguna Verde (La Borita)", "latitude": -25.35885, "longitude": -67.4804, "commodity": "Litio", "source_province": "Catamarca", "stage": "Exploración avanzada", "controller_1": "Ultra Lithium Inc.", "share_1": "1", "origin_1": "Canadá", "controller_2": null, "share_2": "-", "origin_2": null, "controller_3": "-", "share_3": "-", "origin_3": "-", "spatial_province": "Catamarca", "province_code": "10", "province_match": true }, "geometry": { "type": "Point", "coordinates": [ -67.4804, -25.35885 ] } },
{ "type": "Feature", "properties": { "project_id": "180", "name": "Lagunitas (Sepultura)", "latitude": -23.891, "longitude": -66.249, "commodity": "Oro", "source_province": "Salta", "stage": "Exploración inicial", "controller_1": null, "share_1": null, "origin_1": null, "controller_2": null, "share_2": null, "origin_2": null, "controller_3": null, "share_3": null, "origin_3": null, "spatial_province": "Salta", "province_code": "66", "province_match": true }, "geometry": { "type": "Point", "coordinates": [ -66.249, -23.891 ] } },
{ "type": "Feature", "properties": { "project_id": "181", "name": "Lama", "latitude": -29.32967, "longitude": -69.98827, "commodity": "Oro", "source_province": "San Juan", "stage": "Exploración avanzada", "controller_1": "Barrick Mining Corporation", "share_1": "1", "origin_1": "Canadá", "controller_2": "-", "share_2": "-", "origin_2": "-", "controller_3": "-", "share_3": "-", "origin_3": "-", "spatial_province": "San Juan", "province_code": "70", "province_match": true }, "geometry": { "type": "Point", "coordinates": [ -69.98827, -29.32967 ] } },
{ "type": "Feature", "properties": { "project_id": "182", "name": "Lara (San Antonio, San Jose, TOro Negro)", "latitude": -25.683, "longitude": -65.366, "commodity": "Cobre", "source_province": "Salta", "stage": "Prospección", "controller_1": null, "share_1": null, "origin_1": null, "controller_2": null, "share_2": null, "origin_2": null, "controller_3": null, "share_3": null, "origin_3": null, "spatial_province": "Salta", "province_code": "66", "province_match": true }, "geometry": { "type": "Point", "coordinates": [ -65.366, -25.683 ] } },
{ "type": "Feature", "properties": { "project_id": "183", "name": "Las Calandrias", "latitude": -47.60674, "longitude": -67.51792, "commodity": "Oro", "source_province": "Santa Cruz", "stage": "Producción", "controller_1": "Cerrado Gold Inc.", "share_1": "1", "origin_1": "Canadá", "controller_2": "-", "share_2": "-", "origin_2": "-", "controller_3": "-", "share_3": "-", "origin_3": "-", "spatial_province": "Santa Cruz", "province_code": "78", "province_match": true }, "geometry": { "type": "Point", "coordinates": [ -67.51792, -47.60674 ] } },
{ "type": "Feature", "properties": { "project_id": "184", "name": "Las Flechas (Northern Properties)", "latitude": -28.69573, "longitude": -69.56335, "commodity": "Cobre", "source_province": "San Juan", "stage": "Exploración inicial", "controller_1": "Pan American Silver Corp", "share_1": "1", "origin_1": "Canadá", "controller_2": "-", "share_2": "-", "origin_2": "-", "controller_3": "-", "share_3": "-", "origin_3": "-", "spatial_province": "San Juan", "province_code": "70", "province_match": true }, "geometry": { "type": "Point", "coordinates": [ -69.56335, -28.69573 ] } },
{ "type": "Feature", "properties": { "project_id": "185", "name": "Las Opeñas", "latitude": -29.77819, "longitude": -69.34561, "commodity": "Oro", "source_province": "San Juan", "stage": "Exploración inicial", "controller_1": "NewPeak Metals Limited", "share_1": "1", "origin_1": "Australia", "controller_2": "-", "share_2": "-", "origin_2": "-", "controller_3": "-", "share_3": "-", "origin_3": "-", "spatial_province": "San Juan", "province_code": "70", "province_match": true }, "geometry": { "type": "Point", "coordinates": [ -69.34561, -29.77819 ] } },
{ "type": "Feature", "properties": { "project_id": "186", "name": "Las Vertientes", "latitude": -25.027, "longitude": -67.306, "commodity": "Cobre", "source_province": "Salta", "stage": "Prospección", "controller_1": null, "share_1": null, "origin_1": null, "controller_2": null, "share_2": null, "origin_2": null, "controller_3": null, "share_3": null, "origin_3": null, "spatial_province": "Salta", "province_code": "66", "province_match": true }, "geometry": { "type": "Point", "coordinates": [ -67.306, -25.027 ] } },
{ "type": "Feature", "properties": { "project_id": "187", "name": "Leo, Tiger, Panther", "latitude": -24.933, "longitude": -67.833, "commodity": "Plomo", "source_province": "Salta", "stage": "Prospección", "controller_1": null, "share_1": null, "origin_1": null, "controller_2": null, "share_2": null, "origin_2": null, "controller_3": null, "share_3": null, "origin_3": null, "spatial_province": "Salta", "province_code": "66", "province_match": true }, "geometry": { "type": "Point", "coordinates": [ -67.833, -24.933 ] } },
{ "type": "Feature", "properties": { "project_id": "188", "name": "Leoncito", "latitude": -28.7210036, "longitude": -68.987227, "commodity": "Litio", "source_province": "La Rioja", "stage": "Exploración inicial", "controller_1": "Kallpa", "share_1": "1", "origin_1": "Argentina", "controller_2": null, "share_2": null, "origin_2": null, "controller_3": null, "share_3": null, "origin_3": null, "spatial_province": "La Rioja", "province_code": "46", "province_match": true }, "geometry": { "type": "Point", "coordinates": [ -68.987227, -28.7210036 ] } },
{ "type": "Feature", "properties": { "project_id": "189", "name": "Libanesa", "latitude": -47.80952, "longitude": -66.78605, "commodity": "Oro", "source_province": "Santa Cruz", "stage": "Exploración inicial", "controller_1": "Mirasol Resources Ltda.", "share_1": "1", "origin_1": "Canadá", "controller_2": null, "share_2": null, "origin_2": null, "controller_3": null, "share_3": null, "origin_3": null, "spatial_province": "Santa Cruz", "province_code": "78", "province_match": true }, "geometry": { "type": "Point", "coordinates": [ -66.78605, -47.80952 ] } },
{ "type": "Feature", "properties": { "project_id": "190", "name": "Limeca", "latitude": -23.685, "longitude": -66.343, "commodity": "Zinc", "source_province": "Salta", "stage": "Exploración inicial", "controller_1": null, "share_1": null, "origin_1": null, "controller_2": null, "share_2": null, "origin_2": null, "controller_3": null, "share_3": null, "origin_3": null, "spatial_province": "Salta", "province_code": "66", "province_match": true }, "geometry": { "type": "Point", "coordinates": [ -66.343, -23.685 ] } },
{ "type": "Feature", "properties": { "project_id": "191", "name": "Lindero", "latitude": -25.09772, "longitude": -67.75905, "commodity": "Oro", "source_province": "Salta", "stage": "Producción", "controller_1": "Fortuna Mining Corp.", "share_1": "1", "origin_1": "Canadá", "controller_2": "-", "share_2": "-", "origin_2": "-", "controller_3": "-", "share_3": "-", "origin_3": "-", "spatial_province": "Salta", "province_code": "66", "province_match": true }, "geometry": { "type": "Point", "coordinates": [ -67.75905, -25.09772 ] } },
{ "type": "Feature", "properties": { "project_id": "192", "name": "Lipetren", "latitude": -41.93041667, "longitude": -69.76333333, "commodity": "Litio", "source_province": "Río Negro", "stage": "Prospección", "controller_1": "Condor Prospecting S.A.", "share_1": null, "origin_1": null, "controller_2": null, "share_2": null, "origin_2": null, "controller_3": null, "share_3": null, "origin_3": null, "spatial_province": "Río Negro", "province_code": "62", "province_match": true }, "geometry": { "type": "Point", "coordinates": [ -69.76333333, -41.93041667 ] } },
{ "type": "Feature", "properties": { "project_id": "193", "name": "Litio Gold I, Ii Y Iii", "latitude": -25.364331, "longitude": -66.625364, "commodity": "Litio", "source_province": "Catamarca", "stage": "Prospección", "controller_1": "Franklin Mining", "share_1": "1", "origin_1": "Estados Unidos", "controller_2": null, "share_2": null, "origin_2": null, "controller_3": null, "share_3": null, "origin_3": null, "spatial_province": "Catamarca", "province_code": "10", "province_match": true }, "geometry": { "type": "Point", "coordinates": [ -66.625364, -25.364331 ] } },
{ "type": "Feature", "properties": { "project_id": "194", "name": "Lonco Vaca - Palenque", "latitude": -40.229, "longitude": -69.212, "commodity": "Plata", "source_province": "Río Negro", "stage": "Prospección", "controller_1": "Southern Copper Corp.", "share_1": "1", "origin_1": "Estados Unidos", "controller_2": null, "share_2": null, "origin_2": null, "controller_3": null, "share_3": null, "origin_3": null, "spatial_province": "Río Negro", "province_code": "62", "province_match": true }, "geometry": { "type": "Point", "coordinates": [ -69.212, -40.229 ] } },
{ "type": "Feature", "properties": { "project_id": "195", "name": "Los Azules", "latitude": -31.08139, "longitude": -70.16865, "commodity": "Cobre", "source_province": "San Juan", "stage": "Factibilidad", "controller_1": "McEwen Inc.", "share_1": "0.463", "origin_1": "Canadá", "controller_2": "Stellantis", "share_2": "0.182", "origin_2": "Países Bajos", "controller_3": "Otros", "share_3": "0.355", "origin_3": "-", "spatial_province": "San Juan", "province_code": "70", "province_match": true }, "geometry": { "type": "Point", "coordinates": [ -70.16865, -31.08139 ] } },
{ "type": "Feature", "properties": { "project_id": "196", "name": "Los Cardones", "latitude": -25.936, "longitude": -66.177, "commodity": "Cobre", "source_province": "Salta", "stage": "Exploración inicial", "controller_1": "Humboldt Minerals Ltd.", "share_1": "1", "origin_1": "Reino Unido", "controller_2": null, "share_2": null, "origin_2": null, "controller_3": null, "share_3": null, "origin_3": null, "spatial_province": "Salta", "province_code": "66", "province_match": true }, "geometry": { "type": "Point", "coordinates": [ -66.177, -25.936 ] } },
{ "type": "Feature", "properties": { "project_id": "197", "name": "Los Colorados", "latitude": -24.832, "longitude": -66.912, "commodity": "Cobre", "source_province": "Salta", "stage": "Exploración inicial", "controller_1": null, "share_1": null, "origin_1": null, "controller_2": null, "share_2": null, "origin_2": null, "controller_3": null, "share_3": null, "origin_3": null, "spatial_province": "Salta", "province_code": "66", "province_match": true }, "geometry": { "type": "Point", "coordinates": [ -66.912, -24.832 ] } },
{ "type": "Feature", "properties": { "project_id": "198", "name": "Los Sapitos", "latitude": -28.851896, "longitude": -69.144894, "commodity": "Litio", "source_province": "San Juan", "stage": "Exploración inicial", "controller_1": "Origen Resources Inc.", "share_1": "1", "origin_1": "Canadá", "controller_2": "-", "share_2": "-", "origin_2": "-", "controller_3": "-", "share_3": "-", "origin_3": "-", "spatial_province": "San Juan", "province_code": "70", "province_match": true }, "geometry": { "type": "Point", "coordinates": [ -69.144894, -28.851896 ] } },
{ "type": "Feature", "properties": { "project_id": "199", "name": "Lucho", "latitude": -40.597, "longitude": -66.232, "commodity": "Plata", "source_province": "Río Negro", "stage": "Prospección", "controller_1": "Valcheta Exploraciones", "share_1": "1", "origin_1": "Argentina", "controller_2": null, "share_2": null, "origin_2": null, "controller_3": null, "share_3": null, "origin_3": null, "spatial_province": "Río Negro", "province_code": "62", "province_match": true }, "geometry": { "type": "Point", "coordinates": [ -66.232, -40.597 ] } },
{ "type": "Feature", "properties": { "project_id": "200", "name": "Lucho U", "latitude": -40.51, "longitude": -66.252, "commodity": "Uranio", "source_province": "Río Negro", "stage": "Prospección", "controller_1": "Lucero Claudio Guillermo-Unipersonal", "share_1": "1", "origin_1": "Argentina", "controller_2": null, "share_2": null, "origin_2": null, "controller_3": null, "share_3": null, "origin_3": null, "spatial_province": "Río Negro", "province_code": "62", "province_match": true }, "geometry": { "type": "Point", "coordinates": [ -66.252, -40.51 ] } },
{ "type": "Feature", "properties": { "project_id": "201", "name": "Lucrecita", "latitude": -24.275, "longitude": -66.067, "commodity": "Cobre", "source_province": "Salta", "stage": "Prospección", "controller_1": null, "share_1": null, "origin_1": null, "controller_2": null, "share_2": null, "origin_2": null, "controller_3": null, "share_3": null, "origin_3": null, "spatial_province": "Salta", "province_code": "66", "province_match": true }, "geometry": { "type": "Point", "coordinates": [ -66.067, -24.275 ] } },
{ "type": "Feature", "properties": { "project_id": "202", "name": "Lunahuasi", "latitude": -28.4196, "longitude": -69.6226, "commodity": "Cobre", "source_province": "San Juan", "stage": "Exploración inicial", "controller_1": "NGEx Minerals Ltd.", "share_1": "1", "origin_1": "Canadá", "controller_2": null, "share_2": null, "origin_2": null, "controller_3": null, "share_3": null, "origin_3": null, "spatial_province": "San Juan", "province_code": "70", "province_match": true }, "geometry": { "type": "Point", "coordinates": [ -69.6226, -28.4196 ] } },
{ "type": "Feature", "properties": { "project_id": "203", "name": "Manantial Espejo (Cose)", "latitude": -48.76667, "longitude": -69.5, "commodity": "Plata", "source_province": "Santa Cruz", "stage": "Cese de operaciones", "controller_1": "Pan American Silver Corp", "share_1": "1", "origin_1": "Canadá", "controller_2": "-", "share_2": "-", "origin_2": "-", "controller_3": "-", "share_3": "-", "origin_3": "-", "spatial_province": "Santa Cruz", "province_code": "78", "province_match": true }, "geometry": { "type": "Point", "coordinates": [ -69.5, -48.76667 ] } },
{ "type": "Feature", "properties": { "project_id": "204", "name": "Manantiales", "latitude": -31.16414, "longitude": -69.69253, "commodity": "Oro", "source_province": "San Juan", "stage": "Exploración inicial", "controller_1": "Austral Gold Limited", "share_1": "1", "origin_1": "Australia", "controller_2": "-", "share_2": "-", "origin_2": "-", "controller_3": "-", "share_3": "-", "origin_3": "-", "spatial_province": "San Juan", "province_code": "70", "province_match": true }, "geometry": { "type": "Point", "coordinates": [ -69.69253, -31.16414 ] } },
{ "type": "Feature", "properties": { "project_id": "205", "name": "Maquinchao", "latitude": -41.282, "longitude": -68.653, "commodity": "Plata", "source_province": "Río Negro", "stage": "Exploración inicial", "controller_1": "Golden Arrow Resources Corp.", "share_1": "1", "origin_1": "Canadá", "controller_2": null, "share_2": null, "origin_2": null, "controller_3": null, "share_3": null, "origin_3": null, "spatial_province": "Río Negro", "province_code": "62", "province_match": true }, "geometry": { "type": "Point", "coordinates": [ -68.653, -41.282 ] } },
{ "type": "Feature", "properties": { "project_id": "206", "name": "Mara", "latitude": -27.376, "longitude": -66.283, "commodity": "Cobre", "source_province": "Catamarca", "stage": "Factibilidad", "controller_1": "Glencore Plc.", "share_1": "1", "origin_1": "Suiza", "controller_2": null, "share_2": null, "origin_2": null, "controller_3": null, "share_3": null, "origin_3": null, "spatial_province": "Catamarca", "province_code": "10", "province_match": true }, "geometry": { "type": "Point", "coordinates": [ -66.283, -27.376 ] } },
{ "type": "Feature", "properties": { "project_id": "207", "name": "Marcelo", "latitude": -24.306, "longitude": -67.32, "commodity": "Cobre", "source_province": "Salta", "stage": "Exploración avanzada", "controller_1": null, "share_1": null, "origin_1": null, "controller_2": null, "share_2": null, "origin_2": null, "controller_3": null, "share_3": null, "origin_3": null, "spatial_province": "Salta", "province_code": "66", "province_match": true }, "geometry": { "type": "Point", "coordinates": [ -67.32, -24.306 ] } },
{ "type": "Feature", "properties": { "project_id": "208", "name": "Margarita (Zorriquin)", "latitude": -25.966, "longitude": -65.666, "commodity": "Cobre", "source_province": "Salta", "stage": "Prospección", "controller_1": "Cardero Resource Corp,", "share_1": "1", "origin_1": "Canadá", "controller_2": null, "share_2": null, "origin_2": null, "controller_3": null, "share_3": null, "origin_3": null, "spatial_province": "Salta", "province_code": "66", "province_match": true }, "geometry": { "type": "Point", "coordinates": [ -65.666, -25.966 ] } },
{ "type": "Feature", "properties": { "project_id": "209", "name": "Maria Elena (Azul Las Coyas)", "latitude": -25.933, "longitude": -65.709, "commodity": "Cobre", "source_province": "Salta", "stage": "Prospección", "controller_1": "Cardero Resource Corp,", "share_1": "1", "origin_1": "Canadá", "controller_2": null, "share_2": null, "origin_2": null, "controller_3": null, "share_3": null, "origin_3": null, "spatial_province": "Salta", "province_code": "66", "province_match": true }, "geometry": { "type": "Point", "coordinates": [ -65.709, -25.933 ] } },
{ "type": "Feature", "properties": { "project_id": "210", "name": "Mariana", "latitude": -24.81373, "longitude": -68.30736, "commodity": "Litio", "source_province": "Salta", "stage": "Producción", "controller_1": "Ganfeng Lithium Co. Ltd.", "share_1": "1", "origin_1": "China", "controller_2": null, "share_2": null, "origin_2": null, "controller_3": "-", "share_3": null, "origin_3": "-", "spatial_province": "Salta", "province_code": "66", "province_match": true }, "geometry": { "type": "Point", "coordinates": [ -68.30736, -24.81373 ] } },
{ "type": "Feature", "properties": { "project_id": "211", "name": "Martín Bronce", "latitude": -24.40305, "longitude": -64.49939, "commodity": "Cobre", "source_province": "Jujuy", "stage": "Producción", "controller_1": "MOM Mining SRL", "share_1": "1", "origin_1": "Argentina", "controller_2": null, "share_2": null, "origin_2": null, "controller_3": null, "share_3": null, "origin_3": null, "spatial_province": "Jujuy", "province_code": "38", "province_match": true }, "geometry": { "type": "Point", "coordinates": [ -64.49939, -24.40305 ] } },
{ "type": "Feature", "properties": { "project_id": "212", "name": "Matacillas", "latitude": -23.925, "longitude": -66.269, "commodity": "Plomo", "source_province": "Salta", "stage": "Prospección", "controller_1": null, "share_1": null, "origin_1": null, "controller_2": null, "share_2": null, "origin_2": null, "controller_3": null, "share_3": null, "origin_3": null, "spatial_province": "Salta", "province_code": "66", "province_match": true }, "geometry": { "type": "Point", "coordinates": [ -66.269, -23.925 ] } },
{ "type": "Feature", "properties": { "project_id": "213", "name": "Menucos", "latitude": -41.031, "longitude": -67.939, "commodity": "Plata", "source_province": "Río Negro", "stage": "Prospección", "controller_1": null, "share_1": null, "origin_1": null, "controller_2": null, "share_2": null, "origin_2": null, "controller_3": null, "share_3": null, "origin_3": null, "spatial_province": "Río Negro", "province_code": "62", "province_match": true }, "geometry": { "type": "Point", "coordinates": [ -67.939, -41.031 ] } },
{ "type": "Feature", "properties": { "project_id": "214", "name": "Meseta Central", "latitude": -43.41, "longitude": -68.69, "commodity": "Uranio", "source_province": "Chubut", "stage": "Exploración avanzada", "controller_1": "UrAmérica Ltd.", "share_1": "1", "origin_1": "Reino Unido", "controller_2": "-", "share_2": "-", "origin_2": "-", "controller_3": "-", "share_3": "-", "origin_3": "-", "spatial_province": "Chubut", "province_code": "26", "province_match": true }, "geometry": { "type": "Point", "coordinates": [ -68.69, -43.41 ] } },
{ "type": "Feature", "properties": { "project_id": "215", "name": "Meseta Sirven (Laguna Sirve)", "latitude": -46.8810783, "longitude": -69.0676926, "commodity": "Uranio", "source_province": "Santa Cruz", "stage": "Exploración inicial", "controller_1": "CNEA", "share_1": null, "origin_1": "Argentina", "controller_2": "Fomicruz S.E", "share_2": null, "origin_2": null, "controller_3": null, "share_3": null, "origin_3": null, "spatial_province": "Santa Cruz", "province_code": "78", "province_match": true }, "geometry": { "type": "Point", "coordinates": [ -69.0676926, -46.8810783 ] } },
{ "type": "Feature", "properties": { "project_id": "216", "name": "Michelle", "latitude": -48.34265, "longitude": -68.50223, "commodity": "Oro", "source_province": "Santa Cruz", "stage": "Exploración avanzada", "controller_1": "AngloGold Ashanti plc", "share_1": "1", "origin_1": "Sudáfrica", "controller_2": null, "share_2": null, "origin_2": null, "controller_3": null, "share_3": null, "origin_3": null, "spatial_province": "Santa Cruz", "province_code": "78", "province_match": true }, "geometry": { "type": "Point", "coordinates": [ -68.50223, -48.34265 ] } },
{ "type": "Feature", "properties": { "project_id": "217", "name": "Milagro", "latitude": -24.46, "longitude": -66.197, "commodity": "Hierro", "source_province": "Salta", "stage": "Exploración inicial", "controller_1": null, "share_1": null, "origin_1": null, "controller_2": null, "share_2": null, "origin_2": null, "controller_3": null, "share_3": null, "origin_3": null, "spatial_province": "Salta", "province_code": "66", "province_match": true }, "geometry": { "type": "Point", "coordinates": [ -66.197, -24.46 ] } },
{ "type": "Feature", "properties": { "project_id": "218", "name": "Mina Beatriz", "latitude": -26.16018, "longitude": -67.42908, "commodity": "Litio", "source_province": "Catamarca", "stage": "Exploración avanzada", "controller_1": "Carachi Pampa Lithium Limited Partnership", "share_1": "1", "origin_1": "Canadá", "controller_2": null, "share_2": null, "origin_2": null, "controller_3": null, "share_3": null, "origin_3": null, "spatial_province": "Catamarca", "province_code": "10", "province_match": true }, "geometry": { "type": "Point", "coordinates": [ -67.42908, -26.16018 ] } },
{ "type": "Feature", "properties": { "project_id": "219", "name": "Mina Catalina Ii", "latitude": -22.58405189, "longitude": -66.34787963, "commodity": "Oro", "source_province": "Jujuy", "stage": "Producción", "controller_1": "Espíritu de los Andes S.A.", "share_1": "1", "origin_1": "Argentina", "controller_2": null, "share_2": null, "origin_2": null, "controller_3": null, "share_3": null, "origin_3": null, "spatial_province": "Jujuy", "province_code": "38", "province_match": true }, "geometry": { "type": "Point", "coordinates": [ -66.34787963, -22.58405189 ] } },
{ "type": "Feature", "properties": { "project_id": "220", "name": "Mina Martha", "latitude": -48.69393, "longitude": -69.69886, "commodity": "Plata", "source_province": "Santa Cruz", "stage": "Reingeniería", "controller_1": "Patagonia Gold", "share_1": "0.95", "origin_1": "Canadá", "controller_2": "Fomicruz", "share_2": "0.05", "origin_2": "Argentina", "controller_3": "-", "share_3": "-", "origin_3": "-", "spatial_province": "Santa Cruz", "province_code": "78", "province_match": true }, "geometry": { "type": "Point", "coordinates": [ -69.69886, -48.69393 ] } },
{ "type": "Feature", "properties": { "project_id": "221", "name": "Mina Sisifo - Mina Patilla", "latitude": -24.23533, "longitude": -67.51665, "commodity": "Litio", "source_province": "Salta", "stage": "Exploración avanzada", "controller_1": "Power Minerals Ltda.", "share_1": "1", "origin_1": "Australia", "controller_2": "-", "share_2": "-", "origin_2": "-", "controller_3": "-", "share_3": "-", "origin_3": "-", "spatial_province": "Salta", "province_code": "66", "province_match": true }, "geometry": { "type": "Point", "coordinates": [ -67.51665, -24.23533 ] } },
{ "type": "Feature", "properties": { "project_id": "222", "name": "Minas Futuro", "latitude": -26.8494, "longitude": -67.796351, "commodity": "Cobre", "source_province": "Catamarca", "stage": "Exploración inicial", "controller_1": "Southern Copper Corp.", "share_1": "1", "origin_1": "Estados Unidos", "controller_2": null, "share_2": null, "origin_2": null, "controller_3": null, "share_3": null, "origin_3": null, "spatial_province": "Catamarca", "province_code": "10", "province_match": true }, "geometry": { "type": "Point", "coordinates": [ -67.796351, -26.8494 ] } },
{ "type": "Feature", "properties": { "project_id": "223", "name": "Mogotes (Filo Sur)", "latitude": -28.605, "longitude": -69.626667, "commodity": "Cobre", "source_province": "San Juan", "stage": "Exploración avanzada", "controller_1": "Mogotes Metals Inc.", "share_1": "1", "origin_1": "Canadá", "controller_2": null, "share_2": null, "origin_2": null, "controller_3": null, "share_3": null, "origin_3": null, "spatial_province": "San Juan", "province_code": "70", "province_match": true }, "geometry": { "type": "Point", "coordinates": [ -69.626667, -28.605 ] } },
{ "type": "Feature", "properties": { "project_id": "224", "name": "Mosquito", "latitude": -48.04962, "longitude": -66.74309, "commodity": "Oro", "source_province": "Santa Cruz", "stage": "Exploración avanzada", "controller_1": "Hochschild Mining plc", "share_1": "1", "origin_1": "Reino Unido", "controller_2": null, "share_2": null, "origin_2": null, "controller_3": null, "share_3": null, "origin_3": null, "spatial_province": "Santa Cruz", "province_code": "78", "province_match": true }, "geometry": { "type": "Point", "coordinates": [ -66.74309, -48.04962 ] } },
{ "type": "Feature", "properties": { "project_id": "225", "name": "Navidad", "latitude": -42.415, "longitude": -68.82, "commodity": "Plata", "source_province": "Chubut", "stage": "Evaluación Económica Preliminar", "controller_1": "Pan American Silver Corp", "share_1": "1", "origin_1": "Canadá", "controller_2": "-", "share_2": "-", "origin_2": "-", "controller_3": "-", "share_3": "-", "origin_3": "-", "spatial_province": "Chubut", "province_code": "26", "province_match": true }, "geometry": { "type": "Point", "coordinates": [ -68.82, -42.415 ] } },
{ "type": "Feature", "properties": { "project_id": "226", "name": "Negra Muerta", "latitude": -24.211, "longitude": -66.2, "commodity": "Cobre", "source_province": "Salta", "stage": "Prospección", "controller_1": null, "share_1": null, "origin_1": null, "controller_2": null, "share_2": null, "origin_2": null, "controller_3": null, "share_3": null, "origin_3": null, "spatial_province": "Salta", "province_code": "66", "province_match": true }, "geometry": { "type": "Point", "coordinates": [ -66.2, -24.211 ] } },
{ "type": "Feature", "properties": { "project_id": "227", "name": "Nivaldo", "latitude": -28.396383, "longitude": -69.5568777, "commodity": "Cobre", "source_province": "La Rioja", "stage": "Exploración inicial", "controller_1": "Minera Pedernales", "share_1": "1", "origin_1": "Argentina", "controller_2": null, "share_2": null, "origin_2": null, "controller_3": null, "share_3": null, "origin_3": null, "spatial_province": "La Rioja", "province_code": "46", "province_match": true }, "geometry": { "type": "Point", "coordinates": [ -69.5568777, -28.396383 ] } },
{ "type": "Feature", "properties": { "project_id": "228", "name": "Olaroz", "latitude": -23.45, "longitude": -66.7, "commodity": "Litio", "source_province": "Jujuy", "stage": "Producción", "controller_1": "Rio Tinto Group", "share_1": "0.67", "origin_1": "Reino Unido", "controller_2": "Toyota Tsusho", "share_2": "0.25", "origin_2": "Japón", "controller_3": "Jujuy Energía y Minería", "share_3": "0.09", "origin_3": "Argentina", "spatial_province": "Jujuy", "province_code": "38", "province_match": true }, "geometry": { "type": "Point", "coordinates": [ -66.7, -23.45 ] } },
{ "type": "Feature", "properties": { "project_id": "229", "name": "Organullo", "latitude": -24.395, "longitude": -66.318, "commodity": "Plomo", "source_province": "Salta", "stage": "Exploración avanzada", "controller_1": "Latin Metals Inc.", "share_1": "1", "origin_1": "Canadá", "controller_2": null, "share_2": null, "origin_2": null, "controller_3": null, "share_3": null, "origin_3": null, "spatial_province": "Salta", "province_code": "66", "province_match": true }, "geometry": { "type": "Point", "coordinates": [ -66.318, -24.395 ] } },
{ "type": "Feature", "properties": { "project_id": "230", "name": "Pancho Arias", "latitude": -24.266, "longitude": -65.852, "commodity": "Cobre", "source_province": "Salta", "stage": "Exploración inicial", "controller_1": null, "share_1": null, "origin_1": null, "controller_2": null, "share_2": null, "origin_2": null, "controller_3": null, "share_3": null, "origin_3": null, "spatial_province": "Salta", "province_code": "66", "province_match": true }, "geometry": { "type": "Point", "coordinates": [ -65.852, -24.266 ] } },
{ "type": "Feature", "properties": { "project_id": "231", "name": "Paredes", "latitude": -41.286, "longitude": -70.165, "commodity": "Plata", "source_province": "Río Negro", "stage": "Prospección", "controller_1": null, "share_1": null, "origin_1": null, "controller_2": null, "share_2": null, "origin_2": null, "controller_3": null, "share_3": null, "origin_3": null, "spatial_province": "Río Negro", "province_code": "62", "province_match": true }, "geometry": { "type": "Point", "coordinates": [ -70.165, -41.286 ] } },
{ "type": "Feature", "properties": { "project_id": "232", "name": "Parmense Viscachani", "latitude": -22.405, "longitude": -65.124, "commodity": "Plomo", "source_province": "Salta", "stage": "Prospección", "controller_1": null, "share_1": null, "origin_1": null, "controller_2": null, "share_2": null, "origin_2": null, "controller_3": null, "share_3": null, "origin_3": null, "spatial_province": "Salta", "province_code": "66", "province_match": true }, "geometry": { "type": "Point", "coordinates": [ -65.124, -22.405 ] } },
{ "type": "Feature", "properties": { "project_id": "233", "name": "Peñas Negras", "latitude": -28.26814, "longitude": -69.47581, "commodity": "Cobre", "source_province": "La Rioja", "stage": "Exploración inicial", "controller_1": "Sendero Resources Ltd.", "share_1": "1", "origin_1": "Canadá", "controller_2": null, "share_2": null, "origin_2": null, "controller_3": null, "share_3": null, "origin_3": null, "spatial_province": "La Rioja", "province_code": "46", "province_match": true }, "geometry": { "type": "Point", "coordinates": [ -69.47581, -28.26814 ] } },
{ "type": "Feature", "properties": { "project_id": "234", "name": "Picaso", "latitude": -40.673, "longitude": -69.579, "commodity": "Plata", "source_province": "Río Negro", "stage": "Prospección", "controller_1": "Valcheta Exploraciones", "share_1": "1", "origin_1": "Argentina", "controller_2": null, "share_2": null, "origin_2": null, "controller_3": null, "share_3": null, "origin_3": null, "spatial_province": "Río Negro", "province_code": "62", "province_match": true }, "geometry": { "type": "Point", "coordinates": [ -69.579, -40.673 ] } },
{ "type": "Feature", "properties": { "project_id": "235", "name": "Pilahué", "latitude": -40.62, "longitude": -69.767, "commodity": "Plata", "source_province": "Río Negro", "stage": "Prospección", "controller_1": null, "share_1": null, "origin_1": null, "controller_2": null, "share_2": null, "origin_2": null, "controller_3": null, "share_3": null, "origin_3": null, "spatial_province": "Río Negro", "province_code": "62", "province_match": true }, "geometry": { "type": "Point", "coordinates": [ -69.767, -40.62 ] } },
{ "type": "Feature", "properties": { "project_id": "236", "name": "Distrito Pingüino (Sa. Blanca, Plara León, Cerro Leòn, Pinguino)", "latitude": -48.01789, "longitude": -68.67303, "commodity": "Plata", "source_province": "Santa Cruz", "stage": "Exploración avanzada", "controller_1": "Unico Silver Ltda.", "share_1": "1", "origin_1": "Australia", "controller_2": "-", "share_2": "-", "origin_2": "-", "controller_3": "-", "share_3": "-", "origin_3": "-", "spatial_province": "Santa Cruz", "province_code": "78", "province_match": true }, "geometry": { "type": "Point", "coordinates": [ -68.67303, -48.01789 ] } },
{ "type": "Feature", "properties": { "project_id": "237", "name": "Piuquenes", "latitude": -31.45390916, "longitude": -70.4920555, "commodity": "Cobre", "source_province": "San Juan", "stage": "Exploración inicial", "controller_1": "Andina Copper Corp.", "share_1": "0.8", "origin_1": "Canadá", "controller_2": "Compañía Minera Piuquenes S.A.", "share_2": "0.2", "origin_2": "Argentina", "controller_3": "-", "share_3": "-", "origin_3": "-", "spatial_province": "San Juan", "province_code": "70", "province_match": true }, "geometry": { "type": "Point", "coordinates": [ -70.4920555, -31.45390916 ] } },
{ "type": "Feature", "properties": { "project_id": "238", "name": "Plateada", "latitude": -24.657, "longitude": -65.783, "commodity": "Plomo", "source_province": "Salta", "stage": "Exploración inicial", "controller_1": null, "share_1": null, "origin_1": null, "controller_2": null, "share_2": null, "origin_2": null, "controller_3": null, "share_3": null, "origin_3": null, "spatial_province": "Salta", "province_code": "66", "province_match": true }, "geometry": { "type": "Point", "coordinates": [ -65.783, -24.657 ] } },
{ "type": "Feature", "properties": { "project_id": "239", "name": "Pocitos I", "latitude": -24.495, "longitude": -67.032777777777696, "commodity": "Litio", "source_province": "Salta", "stage": "Exploración avanzada", "controller_1": "American Salars Lithium Inc.", "share_1": "1", "origin_1": "Canadá", "controller_2": null, "share_2": null, "origin_2": null, "controller_3": null, "share_3": null, "origin_3": null, "spatial_province": "Salta", "province_code": "66", "province_match": true }, "geometry": { "type": "Point", "coordinates": [ -67.032777777777696, -24.495 ] } },
{ "type": "Feature", "properties": { "project_id": "240", "name": "Poscaya", "latitude": -22.456, "longitude": -65.061, "commodity": "Plomo", "source_province": "Salta", "stage": "Exploración inicial", "controller_1": null, "share_1": null, "origin_1": null, "controller_2": null, "share_2": null, "origin_2": null, "controller_3": null, "share_3": null, "origin_3": null, "spatial_province": "Salta", "province_code": "66", "province_match": true }, "geometry": { "type": "Point", "coordinates": [ -65.061, -22.456 ] } },
{ "type": "Feature", "properties": { "project_id": "241", "name": "Potrerillos", "latitude": -29.36999, "longitude": -69.85988, "commodity": "Oro", "source_province": "San Juan", "stage": "Exploración avanzada", "controller_1": "Golden Arrow Resources Corp.", "share_1": "1", "origin_1": "Canadá", "controller_2": null, "share_2": null, "origin_2": null, "controller_3": null, "share_3": null, "origin_3": null, "spatial_province": "San Juan", "province_code": "70", "province_match": true }, "geometry": { "type": "Point", "coordinates": [ -69.85988, -29.36999 ] } },
{ "type": "Feature", "properties": { "project_id": "242", "name": "Pozuelos Pastos-Grandes", "latitude": -24.69897, "longitude": -66.81781, "commodity": "Litio", "source_province": "Salta", "stage": "Factibilidad", "controller_1": "Ganfeng Lithium Co. Ltd.", "share_1": "0.67", "origin_1": "China", "controller_2": "Lithium Argentina", "share_2": "0.33", "origin_2": "Suiza", "controller_3": "-", "share_3": "-", "origin_3": "-", "spatial_province": "Salta", "province_code": "66", "province_match": true }, "geometry": { "type": "Point", "coordinates": [ -66.81781, -24.69897 ] } },
{ "type": "Feature", "properties": { "project_id": "243", "name": "Prospecto Arizaro", "latitude": -25.104, "longitude": -67.756, "commodity": "Cobre", "source_province": "Salta", "stage": "Exploración avanzada", "controller_1": null, "share_1": null, "origin_1": null, "controller_2": null, "share_2": null, "origin_2": null, "controller_3": null, "share_3": null, "origin_3": null, "spatial_province": "Salta", "province_code": "66", "province_match": true }, "geometry": { "type": "Point", "coordinates": [ -67.756, -25.104 ] } },
{ "type": "Feature", "properties": { "project_id": "244", "name": "Prospecto Las Burras", "latitude": -24.333, "longitude": -65.87, "commodity": "Cobre", "source_province": "Salta", "stage": "Exploración inicial", "controller_1": "Cascadero Copper Corp.", "share_1": "0.7", "origin_1": "Canadá", "controller_2": "Regberg Ltd.", "share_2": "0.3", "origin_2": null, "controller_3": null, "share_3": null, "origin_3": null, "spatial_province": "Salta", "province_code": "66", "province_match": true }, "geometry": { "type": "Point", "coordinates": [ -65.87, -24.333 ] } },
{ "type": "Feature", "properties": { "project_id": "245", "name": "Pular (Salta Lithium)", "latitude": -24.401, "longitude": -67.083, "commodity": "Litio", "source_province": "Salta", "stage": "Exploración avanzada", "controller_1": null, "share_1": null, "origin_1": null, "controller_2": null, "share_2": null, "origin_2": null, "controller_3": null, "share_3": null, "origin_3": null, "spatial_province": "Salta", "province_code": "66", "province_match": true }, "geometry": { "type": "Point", "coordinates": [ -67.083, -24.401 ] } },
{ "type": "Feature", "properties": { "project_id": "246", "name": "Puna Operation (Chinchillas - Pirquitas)", "latitude": -22.50508, "longitude": -66.25685, "commodity": "Plata", "source_province": "Jujuy", "stage": "Producción", "controller_1": "SSR Mining Inc.", "share_1": "1", "origin_1": "Estados Unidos", "controller_2": "-", "share_2": "-", "origin_2": "-", "controller_3": "-", "share_3": "-", "origin_3": "-", "spatial_province": "Jujuy", "province_code": "38", "province_match": true }, "geometry": { "type": "Point", "coordinates": [ -66.25685, -22.50508 ] } },
{ "type": "Feature", "properties": { "project_id": "247", "name": "Punilla", "latitude": -24.802, "longitude": -64.744, "commodity": "Cobre", "source_province": "Salta", "stage": "Exploración inicial", "controller_1": null, "share_1": null, "origin_1": null, "controller_2": null, "share_2": null, "origin_2": null, "controller_3": null, "share_3": null, "origin_3": null, "spatial_province": "Salta", "province_code": "66", "province_match": true }, "geometry": { "type": "Point", "coordinates": [ -64.744, -24.802 ] } },
{ "type": "Feature", "properties": { "project_id": "248", "name": "Puzzle", "latitude": -40.712, "longitude": -68.26, "commodity": "Oro", "source_province": "Río Negro", "stage": "Exploración inicial", "controller_1": "Valcheta Exploraciones", "share_1": "1", "origin_1": "Argentina", "controller_2": null, "share_2": null, "origin_2": null, "controller_3": null, "share_3": null, "origin_3": null, "spatial_province": "Río Negro", "province_code": "62", "province_match": true }, "geometry": { "type": "Point", "coordinates": [ -68.26, -40.712 ] } },
{ "type": "Feature", "properties": { "project_id": "249", "name": "Recuerdo", "latitude": -24.175, "longitude": -66.405, "commodity": "Plomo", "source_province": "Salta", "stage": "Exploración inicial", "controller_1": null, "share_1": null, "origin_1": null, "controller_2": null, "share_2": null, "origin_2": null, "controller_3": null, "share_3": null, "origin_3": null, "spatial_province": "Salta", "province_code": "66", "province_match": true }, "geometry": { "type": "Point", "coordinates": [ -66.405, -24.175 ] } },
{ "type": "Feature", "properties": { "project_id": "250", "name": "Reina Sofia Iv", "latitude": -24.39558583, "longitude": -67.02177048, "commodity": "Litio", "source_province": "Salta", "stage": "Exploración avanzada", "controller_1": null, "share_1": null, "origin_1": null, "controller_2": null, "share_2": null, "origin_2": null, "controller_3": null, "share_3": null, "origin_3": null, "spatial_province": "Salta", "province_code": "66", "province_match": true }, "geometry": { "type": "Point", "coordinates": [ -67.02177048, -24.39558583 ] } },
{ "type": "Feature", "properties": { "project_id": "251", "name": "Rincón", "latitude": -24.20374, "longitude": -66.99009, "commodity": "Litio", "source_province": "Salta", "stage": "Construcción", "controller_1": "Argosy Minerals", "share_1": "1", "origin_1": "Australia", "controller_2": "-", "share_2": "-", "origin_2": "-", "controller_3": "-", "share_3": "-", "origin_3": "-", "spatial_province": "Salta", "province_code": "66", "province_match": true }, "geometry": { "type": "Point", "coordinates": [ -66.99009, -24.20374 ] } },
{ "type": "Feature", "properties": { "project_id": "252", "name": "Rincón Oeste", "latitude": -24.0480583, "longitude": -67.220975, "commodity": "Litio", "source_province": "Salta", "stage": "Exploración avanzada", "controller_1": "Argentina Lithium & Energy Corp.", "share_1": "1", "origin_1": "Canadá", "controller_2": null, "share_2": null, "origin_2": null, "controller_3": null, "share_3": null, "origin_3": null, "spatial_province": "Salta", "province_code": "66", "province_match": true }, "geometry": { "type": "Point", "coordinates": [ -67.220975, -24.0480583 ] } },
{ "type": "Feature", "properties": { "project_id": "253", "name": "Rincón (Salta Lithium)", "latitude": -24.1127, "longitude": -67.17265, "commodity": "Litio", "source_province": "Salta", "stage": "Evaluación Económica Preliminar", "controller_1": "Power Minerals Ltda.", "share_1": "1", "origin_1": "Australia", "controller_2": null, "share_2": null, "origin_2": null, "controller_3": null, "share_3": null, "origin_3": null, "spatial_province": "Salta", "province_code": "66", "province_match": true }, "geometry": { "type": "Point", "coordinates": [ -67.17265, -24.1127 ] } },
{ "type": "Feature", "properties": { "project_id": "254", "name": "Rincones De Araya", "latitude": -31.22801, "longitude": -70.29946, "commodity": "Cobre", "source_province": "San Juan", "stage": "Exploración inicial", "controller_1": "Fortescue  Ltd.", "share_1": "1", "origin_1": "Australia", "controller_2": "-", "share_2": "-", "origin_2": "-", "controller_3": "-", "share_3": "-", "origin_3": "-", "spatial_province": "San Juan", "province_code": "70", "province_match": true }, "geometry": { "type": "Point", "coordinates": [ -70.29946, -31.22801 ] } },
{ "type": "Feature", "properties": { "project_id": "255", "name": "Rio Blanco", "latitude": -22.261, "longitude": -65.015, "commodity": "Plomo", "source_province": "Salta", "stage": "Prospección", "controller_1": null, "share_1": null, "origin_1": null, "controller_2": null, "share_2": null, "origin_2": null, "controller_3": null, "share_3": null, "origin_3": null, "spatial_province": "Salta", "province_code": "66", "province_match": true }, "geometry": { "type": "Point", "coordinates": [ -65.015, -22.261 ] } },
{ "type": "Feature", "properties": { "project_id": "256", "name": "Rio Cenicero", "latitude": -31.55608, "longitude": -70.47163, "commodity": "Cobre", "source_province": "San Juan", "stage": "Exploración avanzada", "controller_1": "Aldebaran Resources Inc.", "share_1": "1", "origin_1": "Canadá", "controller_2": "-", "share_2": "-", "origin_2": "-", "controller_3": "-", "share_3": "-", "origin_3": "-", "spatial_province": "San Juan", "province_code": "70", "province_match": true }, "geometry": { "type": "Point", "coordinates": [ -70.47163, -31.55608 ] } },
{ "type": "Feature", "properties": { "project_id": "257", "name": "Rio Grande", "latitude": -25.03228, "longitude": -67.86679, "commodity": "Cobre", "source_province": "Salta", "stage": "Exploración avanzada", "controller_1": "Aldebaran Resources Inc.", "share_1": "1", "origin_1": "Canadá", "controller_2": "-", "share_2": "-", "origin_2": "-", "controller_3": "-", "share_3": "-", "origin_3": "-", "spatial_province": "Salta", "province_code": "66", "province_match": true }, "geometry": { "type": "Point", "coordinates": [ -67.86679, -25.03228 ] } },
{ "type": "Feature", "properties": { "project_id": "258", "name": "Rio Grande", "latitude": -24.978, "longitude": -68.154, "commodity": "Litio", "source_province": "Salta", "stage": "Evaluación Económica Preliminar", "controller_1": "Noa Lithium Brines Inc.", "share_1": "1", "origin_1": "Canadá", "controller_2": null, "share_2": null, "origin_2": null, "controller_3": null, "share_3": null, "origin_3": null, "spatial_province": "Salta", "province_code": "66", "province_match": true }, "geometry": { "type": "Point", "coordinates": [ -68.154, -24.978 ] } },
{ "type": "Feature", "properties": { "project_id": "259", "name": "Rio Grande", "latitude": -25.00605, "longitude": -68.14443, "commodity": "Litio", "source_province": "Salta", "stage": "Exploración avanzada", "controller_1": "Pluspetrol Resources Corp.", "share_1": "1", "origin_1": "Paises Bajos", "controller_2": "-", "share_2": "-", "origin_2": "-", "controller_3": "-", "share_3": "-", "origin_3": "-", "spatial_province": "Salta", "province_code": "66", "province_match": true }, "geometry": { "type": "Point", "coordinates": [ -68.14443, -25.00605 ] } },
{ "type": "Feature", "properties": { "project_id": "260", "name": "Rio Grande Sur", "latitude": -25.0688611, "longitude": -68.207411111111099, "commodity": "Litio", "source_province": "Salta", "stage": "Prefactibilidad", "controller_1": "Pursuit Minerals Ltd.", "share_1": "1", "origin_1": "Australia", "controller_2": null, "share_2": null, "origin_2": null, "controller_3": null, "share_3": null, "origin_3": null, "spatial_province": "Salta", "province_code": "66", "province_match": true }, "geometry": { "type": "Point", "coordinates": [ -68.207411111111099, -25.0688611 ] } },
{ "type": "Feature", "properties": { "project_id": "261", "name": "Rio Salinas", "latitude": -31.35185325, "longitude": -70.3773304, "commodity": "Cobre", "source_province": "San Juan", "stage": "Exploración avanzada", "controller_1": "Fortescue  Ltd.", "share_1": "1", "origin_1": "Australia", "controller_2": "-", "share_2": "-", "origin_2": "-", "controller_3": "-", "share_3": "-", "origin_3": "-", "spatial_province": "San Juan", "province_code": "70", "province_match": true }, "geometry": { "type": "Point", "coordinates": [ -70.3773304, -31.35185325 ] } },
{ "type": "Feature", "properties": { "project_id": "262", "name": "Rosario", "latitude": -24.503, "longitude": -66.203, "commodity": "Cobre", "source_province": "Salta", "stage": "Exploración inicial", "controller_1": null, "share_1": null, "origin_1": null, "controller_2": null, "share_2": null, "origin_2": null, "controller_3": null, "share_3": null, "origin_3": null, "spatial_province": "Salta", "province_code": "66", "province_match": true }, "geometry": { "type": "Point", "coordinates": [ -66.203, -24.503 ] } },
{ "type": "Feature", "properties": { "project_id": "263", "name": "Sal de Los Ángeles", "latitude": -25.24472, "longitude": -66.74833, "commodity": "Litio", "source_province": "Salta", "stage": "Construcción", "controller_1": "Revotech Asia Ltda.", "share_1": "0.46", "origin_1": "China", "controller_2": "Xizang Zhufeng Resources Co.", "share_2": "0.45", "origin_2": "China", "controller_3": "Leading Resources Global Ltd.", "share_3": "0.09", "origin_3": "Reino Unido", "spatial_province": "Salta", "province_code": "66", "province_match": true }, "geometry": { "type": "Point", "coordinates": [ -66.74833, -25.24472 ] } },
{ "type": "Feature", "properties": { "project_id": "264", "name": "Sal de Oro", "latitude": -25.22426, "longitude": -66.96852, "commodity": "Litio", "source_province": "Catamarca - Salta", "stage": "Producción", "controller_1": "POSCO Holdings Inc.", "share_1": "1", "origin_1": "Corea del Sur", "controller_2": "-", "share_2": "-", "origin_2": "-", "controller_3": "-", "share_3": "-", "origin_3": "-", "spatial_province": "Salta", "province_code": "66", "province_match": true }, "geometry": { "type": "Point", "coordinates": [ -66.96852, -25.22426 ] } },
{ "type": "Feature", "properties": { "project_id": "265", "name": "Sal de Vida", "latitude": -25.34532, "longitude": -66.94715, "commodity": "Litio", "source_province": "Catamarca", "stage": "Construcción", "controller_1": "Rio Tinto Group", "share_1": "1", "origin_1": "Reino Unido", "controller_2": "-", "share_2": "-", "origin_2": "-", "controller_3": "-", "share_3": "-", "origin_3": "-", "spatial_province": "Catamarca", "province_code": "10", "province_match": true }, "geometry": { "type": "Point", "coordinates": [ -66.94715, -25.34532 ] } },
{ "type": "Feature", "properties": { "project_id": "266", "name": "Salar de Antofalla I Al Xiii Y Bolland Vi", "latitude": -25.866666, "longitude": -67.85, "commodity": "Litio", "source_province": "Catamarca", "stage": "Exploración avanzada", "controller_1": "Albemarle Corporation", "share_1": "1", "origin_1": "Estados Unidos", "controller_2": null, "share_2": null, "origin_2": null, "controller_3": null, "share_3": null, "origin_3": null, "spatial_province": "Catamarca", "province_code": "10", "province_match": true }, "geometry": { "type": "Point", "coordinates": [ -67.85, -25.866666 ] } },
{ "type": "Feature", "properties": { "project_id": "267", "name": "Salar del Rincón", "latitude": -24.0575, "longitude": -67.12, "commodity": "Litio", "source_province": "Salta", "stage": "Construcción", "controller_1": "Rio Tinto Group", "share_1": "1", "origin_1": "Reino Unido - Australia", "controller_2": "-", "share_2": "-", "origin_2": "-", "controller_3": "-", "share_3": "-", "origin_3": "-", "spatial_province": "Salta", "province_code": "66", "province_match": true }, "geometry": { "type": "Point", "coordinates": [ -67.12, -24.0575 ] } },
{ "type": "Feature", "properties": { "project_id": "268", "name": "Salar Tolillar", "latitude": -25.03672, "longitude": -67.12411, "commodity": "Litio", "source_province": "Salta", "stage": "Evaluación Económica Preliminar", "controller_1": "Alpha Lithium Corporation", "share_1": "1", "origin_1": "Canadá", "controller_2": "-", "share_2": "-", "origin_2": "-", "controller_3": "-", "share_3": "-", "origin_3": "-", "spatial_province": "Salta", "province_code": "66", "province_match": true }, "geometry": { "type": "Point", "coordinates": [ -67.12411, -25.03672 ] } },
{ "type": "Feature", "properties": { "project_id": "269", "name": "Salari", "latitude": -24.72490657, "longitude": -67.79769983, "commodity": "Litio", "source_province": "Salta", "stage": "Exploración avanzada", "controller_1": "Eramet", "share_1": "1", "origin_1": "Francia", "controller_2": null, "share_2": null, "origin_2": null, "controller_3": null, "share_3": null, "origin_3": null, "spatial_province": "Salta", "province_code": "66", "province_match": true }, "geometry": { "type": "Point", "coordinates": [ -67.79769983, -24.72490657 ] } },
{ "type": "Feature", "properties": { "project_id": "270", "name": "Salari 22", "latitude": -24.90458899, "longitude": -67.69699741, "commodity": "Litio", "source_province": "Salta", "stage": "Exploración avanzada", "controller_1": null, "share_1": null, "origin_1": null, "controller_2": null, "share_2": null, "origin_2": null, "controller_3": null, "share_3": null, "origin_3": null, "spatial_province": "Salta", "province_code": "66", "province_match": true }, "geometry": { "type": "Point", "coordinates": [ -67.69699741, -24.90458899 ] } },
{ "type": "Feature", "properties": { "project_id": "271", "name": "San Antonio", "latitude": -24.83, "longitude": -66.324, "commodity": "Plomo", "source_province": "Salta", "stage": "Exploración inicial", "controller_1": null, "share_1": null, "origin_1": null, "controller_2": null, "share_2": null, "origin_2": null, "controller_3": null, "share_3": null, "origin_3": null, "spatial_province": "Salta", "province_code": "66", "province_match": true }, "geometry": { "type": "Point", "coordinates": [ -66.324, -24.83 ] } },
{ "type": "Feature", "properties": { "project_id": "272", "name": "San Antonio", "latitude": -25.252, "longitude": -66.402, "commodity": "Plomo", "source_province": "Salta", "stage": "Prospección", "controller_1": null, "share_1": null, "origin_1": null, "controller_2": null, "share_2": null, "origin_2": null, "controller_3": null, "share_3": null, "origin_3": null, "spatial_province": "Salta", "province_code": "66", "province_match": true }, "geometry": { "type": "Point", "coordinates": [ -66.402, -25.252 ] } },
{ "type": "Feature", "properties": { "project_id": "273", "name": "San Antonio", "latitude": -22.443, "longitude": -65.276, "commodity": "Cobre", "source_province": "Salta", "stage": "Prospección", "controller_1": null, "share_1": null, "origin_1": null, "controller_2": null, "share_2": null, "origin_2": null, "controller_3": null, "share_3": null, "origin_3": null, "spatial_province": "Salta", "province_code": "66", "province_match": true }, "geometry": { "type": "Point", "coordinates": [ -65.276, -22.443 ] } },
{ "type": "Feature", "properties": { "project_id": "274", "name": "San Esteban", "latitude": -24.088, "longitude": -66.104, "commodity": "Manganeso", "source_province": "Salta", "stage": "Exploración inicial", "controller_1": null, "share_1": null, "origin_1": null, "controller_2": null, "share_2": null, "origin_2": null, "controller_3": null, "share_3": null, "origin_3": null, "spatial_province": "Salta", "province_code": "66", "province_match": true }, "geometry": { "type": "Point", "coordinates": [ -66.104, -24.088 ] } },
{ "type": "Feature", "properties": { "project_id": "275", "name": "San Francisco", "latitude": -30.71945, "longitude": -69.65445, "commodity": "Cobre", "source_province": "San Juan", "stage": "Exploración inicial", "controller_1": "Turmalina Metals", "share_1": "1", "origin_1": "Canadá", "controller_2": "-", "share_2": "-", "origin_2": "-", "controller_3": "-", "share_3": "-", "origin_3": "-", "spatial_province": "San Juan", "province_code": "70", "province_match": true }, "geometry": { "type": "Point", "coordinates": [ -69.65445, -30.71945 ] } },
{ "type": "Feature", "properties": { "project_id": "276", "name": "San Francisco (Vallecito)", "latitude": -25.894, "longitude": -66.287, "commodity": "Cobre", "source_province": "Salta", "stage": "Exploración inicial", "controller_1": "Humboldt Minerals Ltd.", "share_1": "1", "origin_1": "Reino Unido", "controller_2": null, "share_2": null, "origin_2": null, "controller_3": null, "share_3": null, "origin_3": null, "spatial_province": "Salta", "province_code": "66", "province_match": true }, "geometry": { "type": "Point", "coordinates": [ -66.287, -25.894 ] } },
{ "type": "Feature", "properties": { "project_id": "277", "name": "San Isidro", "latitude": -22.737, "longitude": -65.229, "commodity": "Cobre", "source_province": "Salta", "stage": "Exploración inicial", "controller_1": null, "share_1": null, "origin_1": null, "controller_2": null, "share_2": null, "origin_2": null, "controller_3": null, "share_3": null, "origin_3": null, "spatial_province": "Salta", "province_code": "66", "province_match": true }, "geometry": { "type": "Point", "coordinates": [ -65.229, -22.737 ] } },
{ "type": "Feature", "properties": { "project_id": "278", "name": "San Jorge (PSJ Cobre Mendocino)", "latitude": -32.2448, "longitude": -69.43887, "commodity": "Cobre", "source_province": "Mendoza", "stage": "Prefactibilidad", "controller_1": "Zonda Metals GmBH", "share_1": "0.9", "origin_1": "Suiza", "controller_2": "Grupo Alberdi", "share_2": "0.1", "origin_2": "Argentina", "controller_3": "-", "share_3": "-", "origin_3": "-", "spatial_province": "Mendoza", "province_code": "50", "province_match": true }, "geometry": { "type": "Point", "coordinates": [ -69.43887, -32.2448 ] } },
{ "type": "Feature", "properties": { "project_id": "279", "name": "San Jorge", "latitude": -26.93886, "longitude": -68.12172, "commodity": "Litio", "source_province": "Catamarca", "stage": "Exploración inicial", "controller_1": "Greenwing Resources Ltd", "share_1": "1", "origin_1": "Australia", "controller_2": null, "share_2": null, "origin_2": null, "controller_3": null, "share_3": null, "origin_3": null, "spatial_province": "Catamarca", "province_code": "10", "province_match": true }, "geometry": { "type": "Point", "coordinates": [ -68.12172, -26.93886 ] } },
{ "type": "Feature", "properties": { "project_id": "280", "name": "San José", "latitude": -46.66848, "longitude": -70.29747, "commodity": "Plata", "source_province": "Santa Cruz", "stage": "Producción", "controller_1": "Hochschild Mining Plc", "share_1": "0.51", "origin_1": "Reino Unido", "controller_2": "McEwen Mining Inc.", "share_2": "0.49", "origin_2": "Canadá", "controller_3": null, "share_3": null, "origin_3": "-", "spatial_province": "Santa Cruz", "province_code": "78", "province_match": true }, "geometry": { "type": "Point", "coordinates": [ -70.29747, -46.66848 ] } },
{ "type": "Feature", "properties": { "project_id": "281", "name": "San Jose de Chañi (Potrerillos)", "latitude": -24.196, "longitude": -65.824, "commodity": "Cobre", "source_province": "Salta", "stage": "Exploración inicial", "controller_1": null, "share_1": null, "origin_1": null, "controller_2": null, "share_2": null, "origin_2": null, "controller_3": null, "share_3": null, "origin_3": null, "spatial_province": "Salta", "province_code": "66", "province_match": true }, "geometry": { "type": "Point", "coordinates": [ -65.824, -24.196 ] } },
{ "type": "Feature", "properties": { "project_id": "282", "name": "San Pedro (Cardonal)", "latitude": -24.341, "longitude": -65.713, "commodity": "Plomo", "source_province": "Salta", "stage": "Prospección", "controller_1": null, "share_1": null, "origin_1": null, "controller_2": null, "share_2": null, "origin_2": null, "controller_3": null, "share_3": null, "origin_3": null, "spatial_province": "Salta", "province_code": "66", "province_match": true }, "geometry": { "type": "Point", "coordinates": [ -65.713, -24.341 ] } },
{ "type": "Feature", "properties": { "project_id": "283", "name": "San Roque", "latitude": -40.78585, "longitude": -65.79743, "commodity": "Oro", "source_province": "Río Negro", "stage": "Exploración avanzada", "controller_1": "International Iconic Gold exploration corp", "share_1": "1", "origin_1": "Canadá", "controller_2": "-", "share_2": "-", "origin_2": "-", "controller_3": "-", "share_3": "-", "origin_3": "-", "spatial_province": "Río Negro", "province_code": "62", "province_match": true }, "geometry": { "type": "Point", "coordinates": [ -65.79743, -40.78585 ] } },
{ "type": "Feature", "properties": { "project_id": "284", "name": "San Roque", "latitude": -24.295, "longitude": -66.039, "commodity": "Cobre", "source_province": "Salta", "stage": "Exploración inicial", "controller_1": null, "share_1": null, "origin_1": null, "controller_2": null, "share_2": null, "origin_2": null, "controller_3": null, "share_3": null, "origin_3": null, "spatial_province": "Salta", "province_code": "66", "province_match": true }, "geometry": { "type": "Point", "coordinates": [ -66.039, -24.295 ] } },
{ "type": "Feature", "properties": { "project_id": "285", "name": "Santa Ines", "latitude": -24.784, "longitude": -68.144, "commodity": "Cobre", "source_province": "Salta", "stage": "Exploración avanzada", "controller_1": "Fuyang Mingjin New Energy Development Co", "share_1": "1", "origin_1": "China", "controller_2": null, "share_2": null, "origin_2": null, "controller_3": null, "share_3": null, "origin_3": null, "spatial_province": "Salta", "province_code": "66", "province_match": true }, "geometry": { "type": "Point", "coordinates": [ -68.144, -24.784 ] } },
{ "type": "Feature", "properties": { "project_id": "286", "name": "Sapo y otras", "latitude": -37.803474, "longitude": -69.415636, "commodity": "Cobre", "source_province": "Neuquén", "stage": "Exploración avanzada", "controller_1": null, "share_1": null, "origin_1": null, "controller_2": null, "share_2": null, "origin_2": null, "controller_3": null, "share_3": null, "origin_3": null, "spatial_province": "Neuquén", "province_code": "58", "province_match": true }, "geometry": { "type": "Point", "coordinates": [ -69.415636, -37.803474 ] } },
{ "type": "Feature", "properties": { "project_id": "287", "name": "Sascha", "latitude": -47.808, "longitude": -70.283, "commodity": "Oro", "source_province": "Santa Cruz", "stage": "Exploración inicial", "controller_1": "Pursuit Minerals Ltd.", "share_1": "1", "origin_1": "Australia", "controller_2": null, "share_2": null, "origin_2": null, "controller_3": null, "share_3": null, "origin_3": null, "spatial_province": "Santa Cruz", "province_code": "78", "province_match": true }, "geometry": { "type": "Point", "coordinates": [ -70.283, -47.808 ] } },
{ "type": "Feature", "properties": { "project_id": "288", "name": "Saturno", "latitude": -24.478, "longitude": -66.174, "commodity": "Cobre", "source_province": "Salta", "stage": "Exploración inicial", "controller_1": null, "share_1": null, "origin_1": null, "controller_2": null, "share_2": null, "origin_2": null, "controller_3": null, "share_3": null, "origin_3": null, "spatial_province": "Salta", "province_code": "66", "province_match": true }, "geometry": { "type": "Point", "coordinates": [ -66.174, -24.478 ] } },
{ "type": "Feature", "properties": { "project_id": "289", "name": "Señor del Milagro", "latitude": -24.388, "longitude": -66.022, "commodity": "Cobre", "source_province": "Salta", "stage": "Prospección", "controller_1": null, "share_1": null, "origin_1": null, "controller_2": null, "share_2": null, "origin_2": null, "controller_3": null, "share_3": null, "origin_3": null, "spatial_province": "Salta", "province_code": "66", "province_match": true }, "geometry": { "type": "Point", "coordinates": [ -66.022, -24.388 ] } },
{ "type": "Feature", "properties": { "project_id": "290", "name": "Sierra Cuadrada", "latitude": -44.609, "longitude": -67.992, "commodity": "Uranio", "source_province": "Chubut", "stage": "Prospección", "controller_1": "CNEA", "share_1": "1", "origin_1": "Argentina", "controller_2": null, "share_2": null, "origin_2": null, "controller_3": null, "share_3": null, "origin_3": null, "spatial_province": "Chubut", "province_code": "26", "province_match": true }, "geometry": { "type": "Point", "coordinates": [ -67.992, -44.609 ] } },
{ "type": "Feature", "properties": { "project_id": "291", "name": "Sierra Grande", "latitude": -41.677, "longitude": -65.369, "commodity": "Hierro", "source_province": "Río Negro", "stage": "Reingeniería", "controller_1": "China Metallurgical Group Corporation", "share_1": "0.7", "origin_1": "China", "controller_2": "A GRADE TRADING LTD", "share_2": "0.3", "origin_2": "Estados Unidos", "controller_3": "-", "share_3": "-", "origin_3": "-", "spatial_province": "Río Negro", "province_code": "62", "province_match": true }, "geometry": { "type": "Point", "coordinates": [ -65.369, -41.677 ] } },
{ "type": "Feature", "properties": { "project_id": "292", "name": "Sierra Pintada", "latitude": -34.9563, "longitude": -68.6119, "commodity": "Uranio", "source_province": "Mendoza", "stage": "Factibilidad", "controller_1": "CNEA", "share_1": "1", "origin_1": "Argentina", "controller_2": null, "share_2": null, "origin_2": null, "controller_3": null, "share_3": null, "origin_3": null, "spatial_province": "Mendoza", "province_code": "50", "province_match": true }, "geometry": { "type": "Point", "coordinates": [ -68.6119, -34.9563 ] } },
{ "type": "Feature", "properties": { "project_id": "293", "name": "Silvina", "latitude": -25.0, "longitude": -67.849, "commodity": "Plomo", "source_province": "Salta", "stage": "Prospección", "controller_1": null, "share_1": null, "origin_1": null, "controller_2": null, "share_2": null, "origin_2": null, "controller_3": null, "share_3": null, "origin_3": null, "spatial_province": "Salta", "province_code": "66", "province_match": true }, "geometry": { "type": "Point", "coordinates": [ -67.849, -25.0 ] } },
{ "type": "Feature", "properties": { "project_id": "294", "name": "Sincera", "latitude": -26.05715833, "longitude": -67.9349166, "commodity": "Litio", "source_province": "Catamarca", "stage": "Exploración avanzada", "controller_1": "Antofalla Minerals S.A (Marcelo López Acuña)", "share_1": null, "origin_1": null, "controller_2": null, "share_2": null, "origin_2": null, "controller_3": null, "share_3": null, "origin_3": null, "spatial_province": "Catamarca", "province_code": "10", "province_match": true }, "geometry": { "type": "Point", "coordinates": [ -67.9349166, -26.05715833 ] } },
{ "type": "Feature", "properties": { "project_id": "295", "name": "Sofia", "latitude": -46.86444, "longitude": -68.84583, "commodity": "Uranio", "source_province": "Santa Cruz", "stage": "Exploración inicial", "controller_1": "Fomicruz S.E", "share_1": null, "origin_1": "Argentina", "controller_2": "Sophia Energy S.A.", "share_2": null, "origin_2": "Argentina", "controller_3": null, "share_3": null, "origin_3": null, "spatial_province": "Santa Cruz", "province_code": "78", "province_match": true }, "geometry": { "type": "Point", "coordinates": [ -68.84583, -46.86444 ] } },
{ "type": "Feature", "properties": { "project_id": "296", "name": "Jama - Solaroz", "latitude": -23.54439, "longitude": -66.62877, "commodity": "Litio", "source_province": "Jujuy", "stage": "Exploración avanzada", "controller_1": "CNGR Advanced Material", "share_1": "0.9", "origin_1": "China", "controller_2": "Hanaq", "share_2": "0.1", "origin_2": "China", "controller_3": null, "share_3": null, "origin_3": null, "spatial_province": "Jujuy", "province_code": "38", "province_match": true }, "geometry": { "type": "Point", "coordinates": [ -66.62877, -23.54439 ] } },
{ "type": "Feature", "properties": { "project_id": "297", "name": "Sor Rafaela", "latitude": -24.333, "longitude": -66.071, "commodity": "Cobre", "source_province": "Salta", "stage": "Prospección", "controller_1": null, "share_1": null, "origin_1": null, "controller_2": null, "share_2": null, "origin_2": null, "controller_3": null, "share_3": null, "origin_3": null, "spatial_province": "Salta", "province_code": "66", "province_match": true }, "geometry": { "type": "Point", "coordinates": [ -66.071, -24.333 ] } },
{ "type": "Feature", "properties": { "project_id": "298", "name": "Soroche y Vulcano", "latitude": -25.129, "longitude": -66.746, "commodity": "Plomo", "source_province": "Salta", "stage": "Prospección", "controller_1": null, "share_1": null, "origin_1": null, "controller_2": null, "share_2": null, "origin_2": null, "controller_3": null, "share_3": null, "origin_3": null, "spatial_province": "Salta", "province_code": "66", "province_match": true }, "geometry": { "type": "Point", "coordinates": [ -66.746, -25.129 ] } },
{ "type": "Feature", "properties": { "project_id": "299", "name": "Supay", "latitude": -40.191, "longitude": -68.08, "commodity": "Plata", "source_province": "Río Negro", "stage": "Prospección", "controller_1": null, "share_1": null, "origin_1": null, "controller_2": null, "share_2": null, "origin_2": null, "controller_3": null, "share_3": null, "origin_3": null, "spatial_province": "Río Negro", "province_code": "62", "province_match": true }, "geometry": { "type": "Point", "coordinates": [ -68.08, -40.191 ] } },
{ "type": "Feature", "properties": { "project_id": "300", "name": "Suyai", "latitude": -42.89718, "longitude": -71.21956, "commodity": "Oro", "source_province": "Chubut", "stage": "Factibilidad", "controller_1": "Pan American Silver Corp", "share_1": "0.6", "origin_1": "Canadá", "controller_2": "CAM", "share_2": "0.4", "origin_2": "Argentina", "controller_3": "-", "share_3": "-", "origin_3": "-", "spatial_province": "Chubut", "province_code": "26", "province_match": true }, "geometry": { "type": "Point", "coordinates": [ -71.21956, -42.89718 ] } },
{ "type": "Feature", "properties": { "project_id": "301", "name": "Taca Sal IV", "latitude": -24.652159, "longitude": -67.78915982, "commodity": "Litio", "source_province": "Salta", "stage": "Exploración avanzada", "controller_1": null, "share_1": null, "origin_1": null, "controller_2": null, "share_2": null, "origin_2": null, "controller_3": null, "share_3": null, "origin_3": null, "spatial_province": "Salta", "province_code": "66", "province_match": true }, "geometry": { "type": "Point", "coordinates": [ -67.78915982, -24.652159 ] } },
{ "type": "Feature", "properties": { "project_id": "302", "name": "Taca Taca", "latitude": -24.57255, "longitude": -67.73582, "commodity": "Cobre", "source_province": "Salta", "stage": "Factibilidad", "controller_1": "First Quantum Minerals Ltd.", "share_1": "1", "origin_1": "Canadá", "controller_2": "-", "share_2": "-", "origin_2": "-", "controller_3": "-", "share_3": "-", "origin_3": "-", "spatial_province": "Salta", "province_code": "66", "province_match": true }, "geometry": { "type": "Point", "coordinates": [ -67.73582, -24.57255 ] } },
{ "type": "Feature", "properties": { "project_id": "303", "name": "Taguas", "latitude": -29.20134, "longitude": -69.87465, "commodity": "Oro", "source_province": "San Juan", "stage": "Evaluación Económica Preliminar", "controller_1": "Orvana Minerals Corp", "share_1": "1", "origin_1": "Canadá", "controller_2": "-", "share_2": "-", "origin_2": "-", "controller_3": "-", "share_3": "-", "origin_3": "-", "spatial_province": "San Juan", "province_code": "70", "province_match": true }, "geometry": { "type": "Point", "coordinates": [ -69.87465, -29.20134 ] } },
{ "type": "Feature", "properties": { "project_id": "304", "name": "Tamariscos", "latitude": -41.517, "longitude": -65.76, "commodity": "Plata", "source_province": "Río Negro", "stage": "Exploración inicial", "controller_1": "Patagonia Gold", "share_1": "1", "origin_1": "Canadá", "controller_2": null, "share_2": null, "origin_2": null, "controller_3": null, "share_3": null, "origin_3": null, "spatial_province": "Río Negro", "province_code": "62", "province_match": true }, "geometry": { "type": "Point", "coordinates": [ -65.76, -41.517 ] } },
{ "type": "Feature", "properties": { "project_id": "305", "name": "Tanque Negro", "latitude": -40.832, "longitude": -68.414, "commodity": "Plata", "source_province": "Río Negro", "stage": "Prospección", "controller_1": "Southern Copper Corp.", "share_1": "1", "origin_1": "Estados Unidos", "controller_2": null, "share_2": null, "origin_2": null, "controller_3": null, "share_3": null, "origin_3": null, "spatial_province": "Río Negro", "province_code": "62", "province_match": true }, "geometry": { "type": "Point", "coordinates": [ -68.414, -40.832 ] } },
{ "type": "Feature", "properties": { "project_id": "306", "name": "Taquetren", "latitude": -41.68321, "longitude": -69.60746, "commodity": "Plata", "source_province": "Río Negro", "stage": "Prospección", "controller_1": "Fitzroy Minerals Inc.", "share_1": "1", "origin_1": "Canadá", "controller_2": null, "share_2": null, "origin_2": null, "controller_3": null, "share_3": null, "origin_3": null, "spatial_province": "Río Negro", "province_code": "62", "province_match": true }, "geometry": { "type": "Point", "coordinates": [ -69.60746, -41.68321 ] } },
{ "type": "Feature", "properties": { "project_id": "307", "name": "Taron Cesium", "latitude": -24.65, "longitude": -66.5, "commodity": "Cesio", "source_province": "Salta", "stage": "Evaluación Económica Preliminar", "controller_1": "Cascadero Copper Corp.", "share_1": "1", "origin_1": "Canadá", "controller_2": null, "share_2": null, "origin_2": null, "controller_3": null, "share_3": null, "origin_3": null, "spatial_province": "Salta", "province_code": "66", "province_match": true }, "geometry": { "type": "Point", "coordinates": [ -66.5, -24.65 ] } },
{ "type": "Feature", "properties": { "project_id": "308", "name": "Tebenquicho Chico", "latitude": -25.3352805, "longitude": -67.53559, "commodity": "Oro", "source_province": "Catamarca", "stage": "Exploración avanzada", "controller_1": "Elevado Gold", "share_1": "1", "origin_1": "Australia", "controller_2": null, "share_2": null, "origin_2": null, "controller_3": null, "share_3": null, "origin_3": null, "spatial_province": "Catamarca", "province_code": "10", "province_match": true }, "geometry": { "type": "Point", "coordinates": [ -67.53559, -25.3352805 ] } },
{ "type": "Feature", "properties": { "project_id": "309", "name": "Teresita", "latitude": -41.162, "longitude": -67.912, "commodity": "Plata", "source_province": "Río Negro", "stage": "Exploración inicial", "controller_1": "Rio de Oro Exploraciones", "share_1": "1", "origin_1": "Argentina", "controller_2": null, "share_2": null, "origin_2": null, "controller_3": null, "share_3": null, "origin_3": null, "spatial_province": "Río Negro", "province_code": "62", "province_match": true }, "geometry": { "type": "Point", "coordinates": [ -67.912, -41.162 ] } },
{ "type": "Feature", "properties": { "project_id": "310", "name": "Tolar Chico", "latitude": -24.866, "longitude": -67.083, "commodity": "Plata", "source_province": "Salta", "stage": "Prospección", "controller_1": null, "share_1": null, "origin_1": null, "controller_2": null, "share_2": null, "origin_2": null, "controller_3": null, "share_3": null, "origin_3": null, "spatial_province": "Salta", "province_code": "66", "province_match": true }, "geometry": { "type": "Point", "coordinates": [ -67.083, -24.866 ] } },
{ "type": "Feature", "properties": { "project_id": "311", "name": "Tornado-Huracán", "latitude": -46.78715, "longitude": -70.30633, "commodity": "Oro", "source_province": "Santa Cruz", "stage": "Exploración inicial", "controller_1": "Patagonia Gold", "share_1": "1", "origin_1": "Canadá", "controller_2": null, "share_2": null, "origin_2": null, "controller_3": null, "share_3": null, "origin_3": null, "spatial_province": "Santa Cruz", "province_code": "78", "province_match": true }, "geometry": { "type": "Point", "coordinates": [ -70.30633, -46.78715 ] } },
{ "type": "Feature", "properties": { "project_id": "312", "name": "Toruel", "latitude": -41.006, "longitude": -67.88, "commodity": "Plata", "source_province": "Río Negro", "stage": "Exploración inicial", "controller_1": "MIM Argentina Exploraciones S.A", "share_1": "1", "origin_1": "Argentina", "controller_2": null, "share_2": null, "origin_2": null, "controller_3": null, "share_3": null, "origin_3": null, "spatial_province": "Río Negro", "province_code": "62", "province_match": true }, "geometry": { "type": "Point", "coordinates": [ -67.88, -41.006 ] } },
{ "type": "Feature", "properties": { "project_id": "313", "name": "Tres Quebradas", "latitude": -27.36413, "longitude": -68.66513, "commodity": "Litio", "source_province": "Catamarca", "stage": "Producción", "controller_1": "Zijin Mining Group Ltd.", "share_1": "1", "origin_1": "China", "controller_2": "-", "share_2": "-", "origin_2": "-", "controller_3": "-", "share_3": "-", "origin_3": "-", "spatial_province": "Catamarca", "province_code": "10", "province_match": true }, "geometry": { "type": "Point", "coordinates": [ -68.66513, -27.36413 ] } },
{ "type": "Feature", "properties": { "project_id": "314", "name": "Trila Lea", "latitude": -26.05864, "longitude": -67.93053, "commodity": "Litio", "source_province": "Catamarca", "stage": "Exploración avanzada", "controller_1": "Triangle Lithium Argentina S.A", "share_1": "0.8", "origin_1": "Argentina", "controller_2": "Lithium Energi Exploration Inc", "share_2": "0.2", "origin_2": "Canadá", "controller_3": null, "share_3": null, "origin_3": null, "spatial_province": "Catamarca", "province_code": "10", "province_match": true }, "geometry": { "type": "Point", "coordinates": [ -67.93053, -26.05864 ] } },
{ "type": "Feature", "properties": { "project_id": "315", "name": "Unchimé", "latitude": -24.685, "longitude": -64.819, "commodity": "Hierro", "source_province": "Salta", "stage": "Exploración inicial", "controller_1": null, "share_1": null, "origin_1": null, "controller_2": null, "share_2": null, "origin_2": null, "controller_3": null, "share_3": null, "origin_3": null, "spatial_province": "Salta", "province_code": "66", "province_match": true }, "geometry": { "type": "Point", "coordinates": [ -64.819, -24.685 ] } },
{ "type": "Feature", "properties": { "project_id": "316", "name": "Valcheta", "latitude": -40.713, "longitude": -66.495, "commodity": "Cobre", "source_province": "Río Negro", "stage": "Exploración inicial", "controller_1": "Trendix Mining SRL", "share_1": "1", "origin_1": "Argentina", "controller_2": null, "share_2": null, "origin_2": null, "controller_3": null, "share_3": null, "origin_3": null, "spatial_province": "Río Negro", "province_code": "62", "province_match": true }, "geometry": { "type": "Point", "coordinates": [ -66.495, -40.713 ] } },
{ "type": "Feature", "properties": { "project_id": "317", "name": "Valle Ancho", "latitude": -27.583333, "longitude": -68.833333, "commodity": "Oro", "source_province": "Catamarca", "stage": "Exploración avanzada", "controller_1": "NGEx Minerals Ltd.", "share_1": "1", "origin_1": "Canadá", "controller_2": "-", "share_2": "-", "origin_2": "-", "controller_3": "-", "share_3": "-", "origin_3": "-", "spatial_province": "Catamarca", "province_code": "10", "province_match": true }, "geometry": { "type": "Point", "coordinates": [ -68.833333, -27.583333 ] } },
{ "type": "Feature", "properties": { "project_id": "318", "name": "Valle de Chita", "latitude": -30.55137, "longitude": -69.52132, "commodity": "Cobre", "source_province": "San Juan", "stage": "Exploración avanzada", "controller_1": "South32 Ltd.", "share_1": "0.501", "origin_1": "Australia", "controller_2": "Minsud Resources Corp.", "share_2": "0.499", "origin_2": "Canadá", "controller_3": "-", "share_3": "-", "origin_3": "-", "spatial_province": "San Juan", "province_code": "70", "province_match": true }, "geometry": { "type": "Point", "coordinates": [ -69.52132, -30.55137 ] } },
{ "type": "Feature", "properties": { "project_id": "319", "name": "Vampiro (San Antonio)", "latitude": -24.982, "longitude": -64.878, "commodity": "Cobre", "source_province": "Salta", "stage": "Exploración inicial", "controller_1": null, "share_1": null, "origin_1": null, "controller_2": null, "share_2": null, "origin_2": null, "controller_3": null, "share_3": null, "origin_3": null, "spatial_province": "Salta", "province_code": "66", "province_match": true }, "geometry": { "type": "Point", "coordinates": [ -64.878, -24.982 ] } },
{ "type": "Feature", "properties": { "project_id": "320", "name": "Vega de Arizaro", "latitude": -24.51189488, "longitude": -67.90665183, "commodity": "Litio", "source_province": "Salta", "stage": "Exploración avanzada", "controller_1": null, "share_1": null, "origin_1": null, "controller_2": null, "share_2": null, "origin_2": null, "controller_3": null, "share_3": null, "origin_3": null, "spatial_province": "Salta", "province_code": "66", "province_match": true }, "geometry": { "type": "Point", "coordinates": [ -67.90665183, -24.51189488 ] } },
{ "type": "Feature", "properties": { "project_id": "321", "name": "Veladero", "latitude": -29.40026, "longitude": -69.91594, "commodity": "Oro", "source_province": "San Juan", "stage": "Producción", "controller_1": "Barrick Mining Corporation", "share_1": "0.5", "origin_1": "Canadá", "controller_2": "Shandong Gold Mining Co. Ltd.", "share_2": "0.5", "origin_2": "China", "controller_3": "-", "share_3": null, "origin_3": "-", "spatial_province": "San Juan", "province_code": "70", "province_match": true }, "geometry": { "type": "Point", "coordinates": [ -69.91594, -29.40026 ] } },
{ "type": "Feature", "properties": { "project_id": "322", "name": "Veta Grande", "latitude": -24.268, "longitude": -66.473, "commodity": "Antimonio", "source_province": "Salta", "stage": "Exploración inicial", "controller_1": null, "share_1": null, "origin_1": null, "controller_2": null, "share_2": null, "origin_2": null, "controller_3": null, "share_3": null, "origin_3": null, "spatial_province": "Salta", "province_code": "66", "province_match": true }, "geometry": { "type": "Point", "coordinates": [ -66.473, -24.268 ] } },
{ "type": "Feature", "properties": { "project_id": "323", "name": "Victoria", "latitude": -24.269, "longitude": -66.464, "commodity": "Plomo", "source_province": "Salta", "stage": "Exploración inicial", "controller_1": null, "share_1": null, "origin_1": null, "controller_2": null, "share_2": null, "origin_2": null, "controller_3": null, "share_3": null, "origin_3": null, "spatial_province": "Salta", "province_code": "66", "province_match": true }, "geometry": { "type": "Point", "coordinates": [ -66.464, -24.269 ] } },
{ "type": "Feature", "properties": { "project_id": "324", "name": "Victoria (La Revancha)", "latitude": -24.877, "longitude": -65.335, "commodity": "Plomo", "source_province": "Salta", "stage": "Exploración inicial", "controller_1": null, "share_1": null, "origin_1": null, "controller_2": null, "share_2": null, "origin_2": null, "controller_3": null, "share_3": null, "origin_3": null, "spatial_province": "Salta", "province_code": "66", "province_match": true }, "geometry": { "type": "Point", "coordinates": [ -65.335, -24.877 ] } },
{ "type": "Feature", "properties": { "project_id": "325", "name": "Vil Achay", "latitude": -27.53, "longitude": -67.265, "commodity": "Estaño", "source_province": "Catamarca", "stage": "Exploración avanzada", "controller_1": "Alto Grande S.A.", "share_1": "1", "origin_1": "Argentina", "controller_2": null, "share_2": null, "origin_2": null, "controller_3": null, "share_3": null, "origin_3": null, "spatial_province": "Catamarca", "province_code": "10", "province_match": true }, "geometry": { "type": "Point", "coordinates": [ -67.265, -27.53 ] } },
{ "type": "Feature", "properties": { "project_id": "326", "name": "Virgen Del Valle Litio", "latitude": -25.4394, "longitude": -66.97779722, "commodity": "Litio", "source_province": "Catamarca", "stage": "Prospección", "controller_1": "Minera Santa Rita S.R.L.", "share_1": "1", "origin_1": "Argentina", "controller_2": "-", "share_2": "-", "origin_2": "-", "controller_3": "-", "share_3": "-", "origin_3": "-", "spatial_province": "Catamarca", "province_code": "10", "province_match": true }, "geometry": { "type": "Point", "coordinates": [ -66.97779722, -25.4394 ] } },
{ "type": "Feature", "properties": { "project_id": "327", "name": "Virginia", "latitude": -47.46658, "longitude": -69.94496, "commodity": "Plata", "source_province": "Santa Cruz", "stage": "Exploración avanzada", "controller_1": "Mirasol Resources Ltda.", "share_1": "1", "origin_1": "Canadá", "controller_2": "-", "share_2": "-", "origin_2": null, "controller_3": "-", "share_3": "-", "origin_3": "-", "spatial_province": "Santa Cruz", "province_code": "78", "province_match": true }, "geometry": { "type": "Point", "coordinates": [ -69.94496, -47.46658 ] } },
{ "type": "Feature", "properties": { "project_id": "328", "name": "Vista Alegre", "latitude": -40.17055556, "longitude": -69.68, "commodity": "Plata", "source_province": "Río Negro", "stage": "Prospección", "controller_1": null, "share_1": null, "origin_1": null, "controller_2": null, "share_2": null, "origin_2": null, "controller_3": null, "share_3": null, "origin_3": null, "spatial_province": "Río Negro", "province_code": "62", "province_match": true }, "geometry": { "type": "Point", "coordinates": [ -69.68, -40.17055556 ] } },
{ "type": "Feature", "properties": { "project_id": "329", "name": "Vizcacheral", "latitude": -24.129, "longitude": -65.882, "commodity": "Cobre", "source_province": "Salta", "stage": "Exploración inicial", "controller_1": null, "share_1": null, "origin_1": null, "controller_2": null, "share_2": null, "origin_2": null, "controller_3": null, "share_3": null, "origin_3": null, "spatial_province": "Salta", "province_code": "66", "province_match": true }, "geometry": { "type": "Point", "coordinates": [ -65.882, -24.129 ] } },
{ "type": "Feature", "properties": { "project_id": "330", "name": "Yanso", "latitude": -29.9325528, "longitude": -68.541458333333296, "commodity": "Oro", "source_province": "San Juan", "stage": "Exploración avanzada", "controller_1": "Golden Arrow Resources Corp.", "share_1": "1", "origin_1": "Canadá", "controller_2": null, "share_2": null, "origin_2": null, "controller_3": null, "share_3": null, "origin_3": null, "spatial_province": "San Juan", "province_code": "70", "province_match": true }, "geometry": { "type": "Point", "coordinates": [ -68.541458333333296, -29.9325528 ] } },
{ "type": "Feature", "properties": { "project_id": "331", "name": "Zancarron", "latitude": -29.62237517, "longitude": -69.9355613, "commodity": "Oro", "source_province": "San Juan", "stage": "Exploración inicial", "controller_1": "Barrick Mining Corporation", "share_1": "1", "origin_1": "Canadá", "controller_2": "-", "share_2": "-", "origin_2": "-", "controller_3": "-", "share_3": "-", "origin_3": "-", "spatial_province": "San Juan", "province_code": "70", "province_match": true }, "geometry": { "type": "Point", "coordinates": [ -69.9355613, -29.62237517 ] } }
]
}
